Source IP,Destination IP,Length
24.64.208.134,216.58.112.55,
24.64.208.134,216.58.112.55,
24.64.208.134,216.58.112.55,
207.68.178.56,216.58.112.55,
123.112.87.126,216.58.112.55,
192.168.17.24,192.168.9.51,
192.168.17.24,192.168.10.60,
192.168.17.24,192.168.9.51,
192.168.17.24,192.168.10.60,
72.197.8.56,216.58.112.55,
71.228.199.109,216.58.112.55,
99.248.20.48,216.58.112.55,
75.117.31.43,216.58.112.55,
58.160.93.74,216.58.112.55,
85.54.146.31,216.58.112.55,
192.168.17.24,192.168.9.51,
192.168.17.24,192.168.10.60,
192.168.17.24,192.168.9.51,
192.168.17.24,192.168.10.60,
58.147.54.65,216.58.112.55,
24.64.234.162,216.58.112.55,
24.64.234.162,216.58.112.55,
24.64.234.162,216.58.112.55,
142.162.239.193,216.58.112.55,
190.40.97.52,216.58.112.55,
192.168.17.24,192.168.9.51,
192.168.17.24,192.168.10.60,
192.168.17.24,192.168.9.51,
192.168.17.24,192.168.10.60,
207.24.89.66,216.58.112.55,
192.168.17.11,10.97.14.25,
192.168.17.24,192.168.9.51,
192.168.17.24,192.168.10.60,
192.168.17.24,192.168.9.51,
192.168.17.24,192.168.10.60,
192.168.17.24,192.168.9.51,
192.168.17.24,192.168.10.60,
192.168.17.24,192.168.9.51,
192.168.17.24,192.168.10.60,
69.115.209.62,216.58.112.55,
71.228.199.109,216.58.112.55,
63.227.65.151,216.58.112.55,
76.87.248.152,216.58.112.55,
201.26.136.92,216.58.112.55,
70.189.221.153,216.58.112.55,
59.100.237.219,216.58.112.55,
24.64.136.199,216.58.112.55,
192.168.17.113,207.68.178.56,
192.168.17.113,207.68.178.56,
192.168.17.113,207.68.178.56,
192.168.17.113,207.68.178.56,
192.168.17.113,207.68.178.56,
192.168.17.24,192.168.9.51,
192.168.17.24,192.168.10.60,
192.168.17.24,192.168.9.51,
192.168.17.24,192.168.10.60,
192.168.17.113,207.68.178.56,
151.9.246.29,216.58.112.55,
192.168.17.24,192.168.9.51,
192.168.17.24,192.168.10.60,
192.168.17.24,192.168.9.51,
192.168.17.24,192.168.10.60,
216.51.106.52,216.58.112.55,
66.214.36.72,216.58.112.55,
192.168.17.24,192.168.9.51,
192.168.17.24,192.168.10.60,
192.168.17.24,192.168.9.51,
192.168.17.24,192.168.10.60,
207.68.178.56,216.58.112.55,
192.168.17.24,192.168.9.51,
192.168.17.24,192.168.10.60,
192.168.17.24,192.168.9.51,
192.168.17.24,192.168.10.60,
216.51.106.52,216.58.112.55,
192.168.17.11,10.97.14.25,
209.131.38.249,216.58.112.55,
192.168.17.24,192.168.9.51,
192.168.17.24,192.168.10.60,
192.168.17.24,192.168.9.51,
192.168.17.24,192.168.10.60,
122.162.36.15,216.58.112.55,
192.168.17.24,192.168.9.51,
192.168.17.24,192.168.10.60,
192.168.17.24,192.168.9.51,
192.168.17.24,192.168.10.60,
216.211.188.107,216.58.112.55,
216.211.188.107,216.58.112.55,
24.174.141.170,216.58.112.55,
99.251.241.22,216.58.112.55,
75.27.233.174,216.58.112.55,
91.139.26.208,216.58.112.55,
72.129.201.114,216.58.112.55,
192.168.17.24,192.168.9.51,
192.168.17.24,192.168.10.60,
192.168.17.24,192.168.9.51,
192.168.17.24,192.168.10.60,
79.186.174.12,216.58.112.55,
71.170.80.136,216.58.112.55,
106.108.177.47,216.58.112.55,
192.168.17.24,192.168.9.51,
192.168.17.24,192.168.10.60,
192.168.17.24,192.168.9.51,
192.168.17.24,192.168.10.60,
66.11.164.174,216.58.112.55,
24.64.216.116,216.58.112.55,
24.64.216.116,216.58.112.55,
24.64.216.116,216.58.112.55,
196.206.134.152,216.58.112.55,
192.168.17.24,192.168.9.51,
192.168.17.24,192.168.10.60,
192.168.17.24,192.168.9.51,
192.168.17.24,192.168.10.60,
121.14.136.101,216.58.112.55,
71.228.199.109,216.58.112.55,
69.139.205.220,216.58.112.55,
66.24.36.155,216.58.112.55,
210.213.141.86,216.58.112.55,
66.24.36.155,216.58.112.55,
205.250.109.214,216.58.112.55,
192.168.17.11,10.97.14.25,
192.168.17.24,192.168.9.51,
192.168.17.24,192.168.10.60,
192.168.17.24,192.168.9.51,
192.168.17.24,192.168.10.60,
162.86.171.88,216.58.112.55,
24.64.125.106,216.58.112.55,
219.139.115.162,216.58.112.55,
192.168.17.24,192.168.9.51,
192.168.17.24,192.168.10.60,
192.168.17.24,192.168.9.51,
192.168.17.24,192.168.10.60,
200.8.71.247,216.58.112.55,
24.64.232.7,216.58.112.55,
24.64.232.7,216.58.112.55,
24.64.232.7,216.58.112.55,
59.95.27.206,216.58.112.55,
192.168.17.24,192.168.9.51,
192.168.17.24,192.168.10.60,
192.168.17.24,192.168.9.51,
192.168.17.24,192.168.10.60,
24.64.240.226,216.58.112.55,
24.64.240.226,216.58.112.55,
24.64.240.226,216.58.112.55,
60.87.149.61,216.58.112.55,
192.168.17.24,192.168.9.51,
192.168.17.24,192.168.10.60,
192.168.17.24,192.168.9.51,
192.168.17.24,192.168.10.60,
24.64.31.188,216.58.112.55,
24.64.31.188,216.58.112.55,
24.64.31.188,216.58.112.55,
163.140.169.38,216.58.112.55,
209.226.175.184,216.58.112.55,
192.168.17.24,192.168.9.51,
192.168.17.24,192.168.10.60,
192.168.17.24,192.168.9.51,
192.168.17.24,192.168.10.60,
113.22.125.157,216.58.112.55,
222.162.78.66,216.58.112.55,
80.254.112.200,216.58.112.55,
192.168.17.24,192.168.9.51,
192.168.17.24,192.168.10.60,
192.168.17.24,192.168.9.51,
192.168.17.24,192.168.10.60,
192.168.17.11,10.97.14.25,
122.164.76.172,216.58.112.55,
83.239.155.146,216.58.112.55,
192.168.17.24,192.168.9.51,
192.168.17.24,192.168.10.60,
192.168.17.24,192.168.9.51,
192.168.17.24,192.168.10.60,
72.129.201.114,216.58.112.55,
68.43.45.155,216.58.112.55,
68.46.224.58,216.58.112.55,
71.194.107.51,216.58.112.55,
67.8.58.212,216.58.112.55,
192.168.17.24,192.168.9.51,
192.168.17.24,192.168.10.60,
192.168.17.24,192.168.9.51,
192.168.17.24,192.168.10.60,
63.167.69.69,216.58.112.55,
192.168.17.24,192.168.9.51,
192.168.17.24,192.168.10.60,
192.168.17.24,192.168.9.51,
192.168.17.24,192.168.10.60,
24.149.194.222,216.58.112.55,
77.234.15.211,216.58.112.55,
192.168.17.24,192.168.9.51,
192.168.17.24,192.168.10.60,
192.168.17.24,192.168.9.51,
192.168.17.24,192.168.10.60,
72.230.93.214,216.58.112.55,
67.173.3.23,216.58.112.55,
75.171.122.220,216.58.112.55,
68.81.84.44,216.58.112.55,
67.173.3.23,216.58.112.55,
75.132.195.128,216.58.112.55,
192.168.17.24,192.168.9.51,
192.168.17.24,192.168.10.60,
192.168.17.24,192.168.9.51,
192.168.17.24,192.168.10.60,
192.168.17.113,207.68.178.56,
192.168.17.113,207.68.178.56,
192.168.17.113,207.68.178.56,
192.168.17.113,207.68.178.56,
192.168.17.113,207.68.178.56,
24.64.35.180,216.58.112.55,
24.64.35.180,216.58.112.55,
24.64.35.180,216.58.112.55,
122.162.219.240,216.58.112.55,
192.168.17.113,207.68.178.56,
192.168.17.24,192.168.9.51,
192.168.17.24,192.168.10.60,
192.168.17.24,192.168.9.51,
192.168.17.24,192.168.10.60,
24.64.103.146,216.58.112.55,
24.64.103.146,216.58.112.55,
24.64.103.146,216.58.112.55,
137.1.220.101,216.58.112.55,
192.168.17.11,10.97.14.25,
192.168.17.24,192.168.9.51,
192.168.17.24,192.168.10.60,
192.168.17.24,192.168.9.51,
192.168.17.24,192.168.10.60,
207.68.178.56,216.58.112.55,
192.168.17.24,192.168.9.51,
192.168.17.24,192.168.10.60,
192.168.17.24,192.168.9.51,
192.168.17.24,192.168.10.60,
200.35.177.17,216.58.112.55,
200.119.135.100,216.58.112.55,
192.168.17.24,192.168.9.51,
192.168.17.24,192.168.10.60,
192.168.17.24,192.168.9.51,
192.168.17.24,192.168.10.60,
129.134.110.94,216.58.112.55,
192.168.17.24,192.168.9.51,
192.168.17.24,192.168.10.60,
192.168.17.24,192.168.9.51,
192.168.17.24,192.168.10.60,
89.175.152.185,216.58.112.55,
122.167.238.130,216.58.112.55,
192.168.17.24,192.168.9.51,
192.168.17.24,192.168.10.60,
192.168.17.24,192.168.9.51,
192.168.17.24,192.168.10.60,
68.206.75.25,216.58.112.55,
75.171.122.220,216.58.112.55,
72.129.201.114,216.58.112.55,
24.166.109.127,216.58.112.55,
76.250.142.171,216.58.112.55,
121.135.240.208,216.58.112.55,
192.168.17.11,10.97.14.25,
192.168.17.24,192.168.9.51,
192.168.17.24,192.168.10.60,
192.168.17.24,192.168.9.51,
192.168.17.24,192.168.10.60,
78.148.104.253,216.58.112.55,
192.168.17.24,192.168.9.51,
192.168.17.24,192.168.10.60,
192.168.17.24,192.168.9.51,
192.168.17.24,192.168.10.60,
71.104.50.6,216.58.112.55,
194.90.6.44,216.58.112.55,
192.168.17.24,192.168.9.51,
192.168.17.24,192.168.10.60,
192.168.17.24,192.168.9.51,
192.168.17.24,192.168.10.60,
194.90.6.44,216.58.112.55,
60.21.103.252,216.58.112.55,
194.90.6.44,216.58.112.55,
194.90.6.44,216.58.112.55,
69.115.209.62,216.58.112.55,
99.251.241.22,216.58.112.55,
72.129.201.114,216.58.112.55,
72.129.201.114,216.58.112.55,
69.115.209.62,216.58.112.55,
194.90.6.44,216.58.112.55,
194.90.6.44,216.58.112.55,
192.168.17.24,192.168.9.51,
192.168.17.24,192.168.10.60,
192.168.17.24,192.168.9.51,
192.168.17.24,192.168.10.60,
194.90.6.44,216.58.112.55,
221.208.208.90,216.58.112.55,
221.208.208.90,216.58.112.55,
221.208.208.90,216.58.112.55,
109.140.157.77,216.58.112.55,
194.90.6.44,216.58.112.55,
194.90.6.44,216.58.112.55,
192.168.17.24,192.168.9.51,
192.168.17.24,192.168.10.60,
192.168.17.24,192.168.9.51,
192.168.17.24,192.168.10.60,
82.35.230.228,216.58.112.55,
82.35.230.228,216.58.112.55,
82.35.230.228,216.58.112.55,
82.35.230.228,216.58.112.55,
77.91.200.130,216.58.112.55,
194.90.6.44,216.58.112.55,
65.26.47.241,216.58.112.55,
192.168.17.24,192.168.9.51,
192.168.17.24,192.168.10.60,
192.168.17.24,192.168.9.51,
192.168.17.24,192.168.10.60,
124.121.192.16,216.58.112.55,
192.168.17.11,10.97.14.25,
192.168.17.24,192.168.9.51,
192.168.17.24,192.168.10.60,
192.168.17.24,192.168.9.51,
192.168.17.24,192.168.10.60,
192.168.17.24,192.168.9.51,
192.168.17.24,192.168.10.60,
192.168.17.24,192.168.9.51,
192.168.17.24,192.168.10.60,
78.148.58.129,216.58.112.55,
201.231.47.57,216.58.112.55,
24.64.65.201,216.58.112.55,
24.64.65.201,216.58.112.55,
24.64.65.201,216.58.112.55,
190.189.106.45,216.58.112.55,
192.168.17.24,192.168.9.51,
192.168.17.24,192.168.10.60,
192.168.17.24,192.168.9.51,
192.168.17.24,192.168.10.60,
71.194.107.51,216.58.112.55,
74.12.248.246,216.58.112.55,
98.207.166.40,216.58.112.55,
70.189.221.153,216.58.112.55,
68.206.75.25,216.58.112.55,
192.168.17.24,192.168.9.51,
192.168.17.24,192.168.10.60,
192.168.17.24,192.168.9.51,
192.168.17.24,192.168.10.60,
86.101.52.114,216.58.112.55,
192.168.17.24,192.168.9.51,
192.168.17.24,192.168.10.60,
192.168.17.24,192.168.9.51,
192.168.17.24,192.168.10.60,
192.168.17.11,10.97.14.25,
192.168.17.24,192.168.9.51,
192.168.17.24,192.168.10.60,
192.168.17.24,192.168.9.51,
192.168.17.24,192.168.10.60,
5.126.53.110,216.58.112.55,
211.200.56.60,216.58.112.55,
211.200.56.60,216.58.112.55,
192.168.17.24,192.168.9.51,
192.168.17.24,192.168.10.60,
192.168.17.24,192.168.9.51,
192.168.17.24,192.168.10.60,
52.52.117.156,216.58.112.55,
83.8.141.56,216.58.112.55,
24.67.56.239,216.58.112.55,
24.166.109.127,216.58.112.55,
72.229.247.131,216.58.112.55,
24.67.56.239,216.58.112.55,
75.138.144.249,216.58.112.55,
75.138.144.249,216.58.112.55,
192.168.17.24,192.168.9.51,
192.168.17.24,192.168.10.60,
192.168.17.24,192.168.9.51,
192.168.17.24,192.168.10.60,
192.168.17.113,207.68.178.56,
192.168.17.113,207.68.178.56,
192.168.17.113,207.68.178.56,
192.168.17.113,207.68.178.56,
192.168.17.113,207.68.178.56,
218.249.243.30,216.58.112.55,
192.168.17.113,207.68.178.56,
85.75.51.53,216.58.112.55,
69.31.42.66,216.58.112.55,
221.217.183.227,216.58.112.55,
168.18.80.183,216.58.112.55,
85.137.113.62,216.58.112.55,
192.168.17.24,192.168.9.51,
192.168.17.24,192.168.10.60,
192.168.17.24,192.168.9.51,
192.168.17.24,192.168.10.60,
218.9.66.130,216.58.112.55,
24.64.139.148,216.58.112.55,
24.64.139.148,216.58.112.55,
24.64.139.148,216.58.112.55,
192.168.17.24,192.168.9.51,
192.168.17.24,192.168.10.60,
192.168.17.24,192.168.9.51,
192.168.17.24,192.168.10.60,
65.120.86.12,216.58.112.55,
207.68.178.56,216.58.112.55,
71.127.188.123,216.58.112.55,
66.11.164.174,216.58.112.55,
66.11.164.174,216.58.112.55,
66.11.164.174,216.58.112.55,
205.134.188.171,216.58.112.55,
193.47.121.71,216.58.112.55,
66.11.164.174,216.58.112.55,
69.31.42.66,216.58.112.55,
66.11.164.174,216.58.112.55,
192.168.17.24,192.168.9.51,
192.168.17.24,192.168.10.60,
192.168.17.24,192.168.9.51,
192.168.17.24,192.168.10.60,
205.134.188.171,216.58.112.55,
216.60.166.102,216.58.112.55,
216.60.166.102,216.58.112.55,
205.134.188.171,216.58.112.55,
196.174.202.235,216.58.112.55,
126.203.126.10,216.58.112.55,
205.134.188.171,216.58.112.55,
205.134.188.171,216.58.112.55,
192.168.17.11,10.97.14.21,
192.168.17.11,10.97.14.21,
205.134.188.171,216.58.112.55,
192.168.17.11,10.97.14.21,
192.168.17.11,10.97.14.25,
192.168.17.24,192.168.9.51,
192.168.17.24,192.168.10.60,
192.168.17.24,192.168.9.51,
192.168.17.24,192.168.10.60,
71.126.248.71,216.58.112.55,
24.64.112.81,216.58.112.55,
24.64.112.81,216.58.112.55,
24.64.112.81,216.58.112.55,
192.168.17.24,192.168.9.51,
192.168.17.24,192.168.10.60,
192.168.17.24,192.168.9.51,
192.168.17.24,192.168.10.60,
82.216.11.148,216.58.112.55,
99.237.83.20,216.58.112.55,
67.174.105.41,216.58.112.55,
98.207.166.40,216.58.112.55,
71.228.199.109,216.58.112.55,
70.189.221.153,216.58.112.55,
92.46.11.100,216.58.112.55,
192.168.17.24,192.168.9.51,
192.168.17.24,192.168.10.60,
192.168.17.24,192.168.9.51,
192.168.17.24,192.168.10.60,
86.110.25.142,216.58.112.55,
192.168.17.24,192.168.9.51,
192.168.17.24,192.168.10.60,
192.168.17.24,192.168.9.51,
192.168.17.24,192.168.10.60,
165.70.127.155,216.58.112.55,
67.15.135.138,216.58.112.55,
67.15.135.138,216.58.112.55,
67.15.135.138,216.58.112.55,
67.15.135.138,216.58.112.55,
192.168.17.24,192.168.9.51,
192.168.17.24,192.168.10.60,
192.168.17.24,192.168.9.51,
192.168.17.24,192.168.10.60,
192.168.17.24,192.168.9.51,
192.168.17.24,192.168.10.60,
192.168.17.24,192.168.9.51,
192.168.17.24,192.168.10.60,
60.48.66.248,216.58.112.55,
67.174.105.41,216.58.112.55,
208.76.80.86,216.58.112.55,
74.161.10.148,216.58.112.55,
122.24.143.91,216.58.112.55,
98.207.166.40,216.58.112.55,
67.174.105.41,216.58.112.55,
192.168.17.11,10.97.14.25,
75.117.31.43,216.58.112.55,
69.31.42.66,216.58.112.55,
86.60.106.79,216.58.112.55,
211.108.155.43,216.58.112.55,
211.108.155.43,216.58.112.55,
192.168.17.24,192.168.9.51,
192.168.17.24,192.168.10.60,
192.168.17.24,192.168.9.51,
192.168.17.24,192.168.10.60,
89.151.157.84,216.58.112.55,
72.76.18.116,216.58.112.55,
216.215.20.139,216.58.112.55,
61.132.223.14,216.58.112.55,
89.24.99.57,216.58.112.55,
192.168.17.24,192.168.9.51,
192.168.17.24,192.168.10.60,
192.168.17.24,192.168.9.51,
192.168.17.24,192.168.10.60,
201.64.110.195,216.58.112.55,
92.112.63.8,216.58.112.55,
192.168.17.24,192.168.9.51,
192.168.17.24,192.168.10.60,
192.168.17.24,192.168.9.51,
192.168.17.24,192.168.10.60,
74.161.10.148,216.58.112.55,
84.204.158.238,216.58.112.55,
192.168.17.24,192.168.9.51,
192.168.17.24,192.168.10.60,
192.168.17.24,192.168.9.51,
192.168.17.24,192.168.10.60,
76.26.35.233,216.58.112.55,
192.168.17.24,192.168.9.51,
192.168.17.24,192.168.10.60,
192.168.17.24,192.168.9.51,
192.168.17.24,192.168.10.60,
24.64.33.225,216.58.112.55,
24.64.33.225,216.58.112.55,
24.64.33.225,216.58.112.55,
56.227.152.148,216.58.112.55,
68.81.84.44,216.58.112.55,
62.101.126.230,216.58.112.55,
62.101.126.230,216.58.112.55,
192.168.17.11,10.97.14.25,
192.168.17.24,192.168.9.51,
192.168.17.24,192.168.10.60,
192.168.17.24,192.168.9.51,
192.168.17.24,192.168.10.60,
24.64.45.56,216.58.112.55,
24.64.45.56,216.58.112.55,
24.64.45.56,216.58.112.55,
74.133.109.145,216.58.112.55,
24.166.109.127,216.58.112.55,
62.10.181.66,216.58.112.55,
192.168.17.24,192.168.9.51,
192.168.17.24,192.168.10.60,
192.168.17.24,192.168.9.51,
192.168.17.24,192.168.10.60,
24.64.145.44,216.58.112.55,
24.64.145.44,216.58.112.55,
24.64.145.44,216.58.112.55,
192.168.17.24,192.168.9.51,
192.168.17.24,192.168.10.60,
192.168.17.24,192.168.9.51,
192.168.17.24,192.168.10.60,
213.150.83.114,216.58.112.55,
24.64.155.188,216.58.112.55,
24.64.155.188,216.58.112.55,
24.64.155.188,216.58.112.55,
86.133.109.140,216.58.112.55,
192.168.17.24,192.168.9.51,
192.168.17.24,192.168.10.60,
192.168.17.24,192.168.9.51,
192.168.17.24,192.168.10.60,
24.64.117.205,216.58.112.55,
24.64.117.205,216.58.112.55,
24.64.117.205,216.58.112.55,
60.161.216.224,216.58.112.55,
192.168.17.24,192.168.9.51,
192.168.17.24,192.168.10.60,
192.168.17.24,192.168.9.51,
192.168.17.24,192.168.10.60,
24.165.92.109,216.58.112.55,
79.64.233.230,216.58.112.55,
24.165.92.109,216.58.112.55,
79.64.233.230,216.58.112.55,
203.173.191.14,216.58.112.55,
203.173.191.14,216.58.112.55,
61.7.42.45,216.58.112.55,
192.168.17.113,207.68.178.56,
192.168.17.113,207.68.178.56,
192.168.17.113,207.68.178.56,
192.168.17.113,207.68.178.56,
192.168.17.113,207.68.178.56,
192.168.17.24,192.168.9.51,
192.168.17.24,192.168.10.60,
192.168.17.24,192.168.9.51,
192.168.17.24,192.168.10.60,
192.168.17.113,207.68.178.56,
192.168.17.11,10.97.14.25,
192.168.17.24,192.168.9.51,
192.168.17.24,192.168.10.60,
192.168.17.24,192.168.9.51,
192.168.17.24,192.168.10.60,
24.64.104.85,216.58.112.55,
24.64.104.85,216.58.112.55,
24.64.104.85,216.58.112.55,
20.63.253.254,216.58.112.55,
202.97.238.199,216.58.112.55,
207.68.178.56,216.58.112.55,
192.168.17.24,192.168.9.51,
192.168.17.24,192.168.10.60,
192.168.17.24,192.168.9.51,
192.168.17.24,192.168.10.60,
68.189.54.191,216.58.112.55,
192.168.17.24,192.168.9.51,
192.168.17.24,192.168.10.60,
192.168.17.24,192.168.9.51,
192.168.17.24,192.168.10.60,
208.17.81.161,216.58.112.55,
192.168.17.24,192.168.9.51,
192.168.17.24,192.168.10.60,
192.168.17.24,192.168.9.51,
192.168.17.24,192.168.10.60,
192.168.17.11,10.97.14.21,
192.168.17.11,10.97.14.21,
192.168.17.11,10.97.14.21,
78.53.64.123,216.58.112.55,
78.53.64.123,216.58.112.55,
78.53.64.123,216.58.112.55,
59.92.12.144,216.58.112.55,
218.64.222.170,216.58.112.55,
192.168.17.24,192.168.9.51,
192.168.17.24,192.168.10.60,
192.168.17.24,192.168.9.51,
192.168.17.24,192.168.10.60,
67.82.213.195,216.58.112.55,
24.174.141.170,216.58.112.55,
86.150.137.160,216.58.112.55,
203.173.191.14,216.58.112.55,
72.74.229.181,216.58.112.55,
24.64.247.73,216.58.112.55,
24.64.247.73,216.58.112.55,
24.64.247.73,216.58.112.55,
192.168.17.24,192.168.9.51,
192.168.17.24,192.168.10.60,
192.168.17.24,192.168.9.51,
192.168.17.24,192.168.10.60,
192.168.17.11,10.97.14.25,
117.44.26.76,216.58.112.55,
192.168.17.24,192.168.9.51,
192.168.17.24,192.168.10.60,
192.168.17.24,192.168.9.51,
192.168.17.24,192.168.10.60,
24.64.148.157,216.58.112.55,
24.64.148.157,216.58.112.55,
24.64.148.157,216.58.112.55,
24.64.107.78,216.58.112.55,
24.64.107.78,216.58.112.55,
24.64.107.78,216.58.112.55,
192.168.17.24,192.168.9.51,
192.168.17.24,192.168.10.60,
192.168.17.24,192.168.9.51,
192.168.17.24,192.168.10.60,
113.240.254.136,216.58.112.55,
75.117.31.43,216.58.112.55,
72.129.201.114,216.58.112.55,
64.56.143.6,216.58.112.55,
59.100.237.219,216.58.112.55,
78.64.94.63,216.58.112.55,
192.168.17.24,192.168.9.51,
192.168.17.24,192.168.10.60,
192.168.17.24,192.168.9.51,
192.168.17.24,192.168.10.60,
82.138.46.68,216.58.112.55,
136.1.7.55,216.58.112.55,
192.168.17.24,192.168.9.51,
192.168.17.24,192.168.10.60,
192.168.17.24,192.168.9.51,
192.168.17.24,192.168.10.60,
221.221.82.35,216.58.112.55,
192.168.17.24,192.168.9.51,
192.168.17.24,192.168.10.60,
192.168.17.24,192.168.9.51,
192.168.17.24,192.168.10.60,
218.31.79.208,216.58.112.55,
218.10.137.142,216.58.112.55,
218.10.137.142,216.58.112.55,
218.10.137.142,216.58.112.55,
192.168.17.11,10.97.14.25,
189.27.241.16,216.58.112.55,
192.168.17.24,192.168.9.51,
192.168.17.24,192.168.10.60,
192.168.17.24,192.168.9.51,
192.168.17.24,192.168.10.60,
24.64.247.242,216.58.112.55,
24.64.247.242,216.58.112.55,
24.64.247.242,216.58.112.55,
5.106.75.222,216.58.112.55,
33.70.134.133,216.58.112.55,
192.168.17.24,192.168.9.51,
192.168.17.24,192.168.10.60,
192.168.17.24,192.168.9.51,
192.168.17.24,192.168.10.60,
37.50.202.98,216.58.112.55,
71.125.48.80,216.58.112.55,
220.246.61.225,216.58.112.55,
124.191.75.98,216.58.112.55,
67.15.135.138,216.58.112.55,
192.168.17.24,192.168.9.51,
192.168.17.24,192.168.10.60,
192.168.17.24,192.168.9.51,
192.168.17.24,192.168.10.60,
87.99.7.181,216.58.112.55,
87.99.7.181,216.58.112.55,
87.99.7.181,216.58.112.55,
87.99.7.181,216.58.112.55,
87.99.7.181,216.58.112.55,
87.99.7.181,216.58.112.55,
192.168.17.24,192.168.9.51,
192.168.17.24,192.168.10.60,
192.168.17.24,192.168.9.51,
192.168.17.24,192.168.10.60,
86.137.159.215,216.58.112.55,
69.115.209.62,216.58.112.55,
71.14.121.15,216.58.112.55,
68.12.143.82,216.58.112.55,
72.74.229.181,216.58.112.55,
24.67.56.239,216.58.112.55,
96.2.73.153,216.58.112.55,
192.168.17.24,192.168.9.51,
192.168.17.24,192.168.10.60,
192.168.17.24,192.168.9.51,
192.168.17.24,192.168.10.60,
192.168.17.24,192.168.9.51,
192.168.17.24,192.168.10.60,
192.168.17.24,192.168.9.51,
192.168.17.24,192.168.10.60,
84.58.185.23,216.58.112.55,
192.168.17.11,10.97.14.25,
170.151.147.175,216.58.112.55,
192.168.17.24,192.168.9.51,
192.168.17.24,192.168.10.60,
192.168.17.24,192.168.9.51,
192.168.17.24,192.168.10.60,
62.221.44.151,216.58.112.55,
66.11.164.174,216.58.112.55,
74.75.29.197,216.58.112.55,
75.164.140.156,216.58.112.55,
66.191.18.21,216.58.112.55,
74.75.29.197,216.58.112.55,
75.164.140.156,216.58.112.55,
68.81.84.44,216.58.112.55,
99.245.91.141,216.58.112.55,
192.168.17.24,192.168.9.51,
192.168.17.24,192.168.10.60,
192.168.17.24,192.168.9.51,
192.168.17.24,192.168.10.60,
88.241.227.226,216.58.112.55,
24.64.99.251,216.58.112.55,
24.64.99.251,216.58.112.55,
24.64.99.251,216.58.112.55,
192.168.17.113,207.68.178.56,
192.168.17.113,207.68.178.56,
192.168.17.113,207.68.178.56,
192.168.17.113,207.68.178.56,
192.168.17.113,207.68.178.56,
24.64.203.111,216.58.112.55,
24.64.203.111,216.58.112.55,
24.64.203.111,216.58.112.55,
85.104.40.125,216.58.112.55,
192.168.17.113,207.68.178.56,
192.168.17.24,192.168.9.51,
192.168.17.24,192.168.10.60,
192.168.17.24,192.168.9.51,
192.168.17.24,192.168.10.60,
66.11.164.174,216.58.112.55,
207.8.198.31,216.58.112.55,
83.11.117.100,216.58.112.55,
192.168.17.24,192.168.9.51,
192.168.17.24,192.168.10.60,
192.168.17.24,192.168.9.51,
192.168.17.24,192.168.10.60,
207.68.178.56,216.58.112.55,
161.85.118.220,216.58.112.55,
88.246.139.1,216.58.112.55,
86.55.160.170,216.58.112.55,
192.168.17.24,192.168.9.51,
192.168.17.24,192.168.10.60,
192.168.17.24,192.168.9.51,
192.168.17.24,192.168.10.60,
92.83.127.213,216.58.112.55,
222.130.211.51,216.58.112.55,
192.168.17.11,10.97.14.25,
192.168.17.24,192.168.9.51,
192.168.17.24,192.168.10.60,
192.168.17.24,192.168.9.51,
192.168.17.24,192.168.10.60,
67.113.111.177,216.58.112.55,
192.168.17.24,192.168.9.51,
192.168.17.24,192.168.10.60,
192.168.17.24,192.168.9.51,
192.168.17.24,192.168.10.60,
68.188.196.186,216.58.112.55,
192.168.17.24,192.168.9.51,
192.168.17.24,192.168.10.60,
192.168.17.24,192.168.9.51,
192.168.17.24,192.168.10.60,
68.12.143.82,216.58.112.55,
71.206.130.118,216.58.112.55,
76.17.177.237,216.58.112.55,
24.166.109.127,216.58.112.55,
24.165.92.109,216.58.112.55,
71.206.130.118,216.58.112.55,
71.206.130.118,216.58.112.55,
216.173.13.226,216.58.112.55,
216.173.13.226,216.58.112.55,
192.168.17.24,192.168.9.51,
192.168.17.24,192.168.10.60,
192.168.17.24,192.168.9.51,
192.168.17.24,192.168.10.60,
192.168.17.24,192.168.9.51,
192.168.17.24,192.168.10.60,
192.168.17.24,192.168.9.51,
192.168.17.24,192.168.10.60,
193.22.88.152,216.58.112.55,
216.198.251.162,216.58.112.55,
192.168.17.24,192.168.9.51,
192.168.17.24,192.168.10.60,
192.168.17.24,192.168.9.51,
192.168.17.24,192.168.10.60,
195.205.8.254,216.58.112.55,
195.205.8.254,216.58.112.55,
195.205.8.254,216.58.112.55,
195.205.8.254,216.58.112.55,
192.168.17.11,10.97.14.25,
195.205.8.254,216.58.112.55,
61.247.239.28,216.58.112.55,
203.130.2.3,216.58.112.55,
192.168.17.24,192.168.9.51,
192.168.17.24,192.168.10.60,
192.168.17.24,192.168.9.51,
192.168.17.24,192.168.10.60,
67.15.135.138,216.58.112.55,
67.15.135.138,216.58.112.55,
125.65.244.45,216.58.112.55,
24.64.123.100,216.58.112.55,
24.64.123.100,216.58.112.55,
24.64.123.100,216.58.112.55,
192.168.17.24,192.168.9.51,
192.168.17.24,192.168.10.60,
192.168.17.24,192.168.9.51,
192.168.17.24,192.168.10.60,
24.64.117.21,216.58.112.55,
24.64.117.21,216.58.112.55,
24.64.117.21,216.58.112.55,
99.163.34.225,216.58.112.55,
67.15.135.138,216.58.112.55,
195.135.221.135,216.58.112.55,
210.185.160.111,216.58.112.55,
192.168.17.24,192.168.9.51,
192.168.17.24,192.168.10.60,
192.168.17.24,192.168.9.51,
192.168.17.24,192.168.10.60,
203.130.2.3,216.58.112.55,
24.64.228.211,216.58.112.55,
24.64.228.211,216.58.112.55,
24.64.228.211,216.58.112.55,
92.113.205.165,216.58.112.55,
56.126.223.189,216.58.112.55,
192.168.17.24,192.168.9.51,
192.168.17.24,192.168.10.60,
192.168.17.24,192.168.9.51,
192.168.17.24,192.168.10.60,
91.120.54.156,216.58.112.55,
85.98.186.43,216.58.112.55,
207.58.147.92,216.58.112.55,
208.64.200.32,216.58.112.55,
96.234.177.228,216.58.112.55,
66.230.200.240,216.58.112.55,
87.223.189.238,216.58.112.55,
192.168.17.24,192.168.9.51,
192.168.17.24,192.168.10.60,
192.168.17.24,192.168.9.51,
192.168.17.24,192.168.10.60,
75.121.38.232,216.58.112.55,
24.64.198.159,216.58.112.55,
24.64.198.159,216.58.112.55,
24.64.198.159,216.58.112.55,
192.168.17.24,192.168.9.51,
192.168.17.24,192.168.10.60,
192.168.17.24,192.168.9.51,
192.168.17.24,192.168.10.60,
192.168.17.11,10.97.14.25,
198.173.64.82,216.58.112.55,
192.168.17.24,192.168.9.51,
192.168.17.24,192.168.10.60,
192.168.17.24,192.168.9.51,
192.168.17.24,192.168.10.60,
77.49.33.205,216.58.112.55,
192.168.17.24,192.168.9.51,
192.168.17.24,192.168.10.60,
192.168.17.24,192.168.9.51,
192.168.17.24,192.168.10.60,
88.252.39.9,216.58.112.55,
88.227.145.120,216.58.112.55,
209.200.225.222,216.58.112.55,
192.168.17.24,192.168.9.51,
192.168.17.24,192.168.10.60,
192.168.17.24,192.168.9.51,
192.168.17.24,192.168.10.60,
72.44.69.122,216.58.112.55,
66.11.164.174,216.58.112.55,
123.7.11.116,216.58.112.55,
203.130.2.3,216.58.112.55,
85.18.14.45,216.58.112.55,
192.168.17.24,192.168.9.51,
192.168.17.24,192.168.10.60,
192.168.17.24,192.168.9.51,
192.168.17.24,192.168.10.60,
125.65.244.45,216.58.112.55,
192.168.17.24,192.168.9.51,
192.168.17.24,192.168.10.60,
192.168.17.24,192.168.9.51,
192.168.17.24,192.168.10.60,
59.96.104.144,216.58.112.55,
35.248.242.23,216.58.112.55,
192.168.17.11,10.97.14.25,
192.168.17.24,192.168.9.51,
192.168.17.24,192.168.10.60,
192.168.17.24,192.168.9.51,
192.168.17.24,192.168.10.60,
88.204.214.253,216.58.112.55,
61.17.32.97,216.58.112.55,
67.15.135.138,216.58.112.55,
221.128.153.121,216.58.112.55,
67.15.135.138,216.58.112.55,
88.141.131.95,216.58.112.55,
192.168.17.24,192.168.9.51,
192.168.17.24,192.168.10.60,
192.168.17.24,192.168.9.51,
192.168.17.24,192.168.10.60,
222.112.147.208,216.58.112.55,
172.185.75.116,216.58.112.55,
192.168.17.24,192.168.9.51,
192.168.17.24,192.168.10.60,
192.168.17.24,192.168.9.51,
192.168.17.24,192.168.10.60,
67.15.135.138,216.58.112.55,
89.21.232.5,216.58.112.55,
88.231.183.155,216.58.112.55,
125.76.214.6,216.58.112.55,
185.79.236.96,216.58.112.55,
192.168.17.24,192.168.9.51,
192.168.17.24,192.168.10.60,
192.168.17.24,192.168.9.51,
192.168.17.24,192.168.10.60,
62.189.181.120,216.58.112.55,
104.214.116.160,216.58.112.55,
124.253.3.84,216.58.112.55,
91.124.139.216,216.58.112.55,
192.168.17.24,192.168.9.51,
192.168.17.24,192.168.10.60,
192.168.17.24,192.168.9.51,
192.168.17.24,192.168.10.60,
219.153.13.152,216.58.112.55,
192.168.17.24,192.168.9.51,
192.168.17.24,192.168.10.60,
192.168.17.24,192.168.9.51,
192.168.17.24,192.168.10.60,
192.168.17.11,10.97.14.25,
64.74.133.20,216.58.112.55,
64.74.133.12,216.58.112.55,
64.74.133.20,216.58.112.55,
64.74.133.12,216.58.112.55,
64.74.133.20,216.58.112.55,
64.74.133.12,216.58.112.55,
64.74.133.20,216.58.112.55,
64.74.133.12,216.58.112.55,
64.74.133.20,216.58.112.55,
192.168.17.24,192.168.9.51,
192.168.17.24,192.168.10.60,
192.168.17.24,192.168.9.51,
192.168.17.24,192.168.10.60,
64.74.133.20,216.58.112.55,
64.74.133.20,216.58.112.55,
66.98.0.101,216.58.112.55,
192.168.17.24,192.168.9.51,
192.168.17.24,192.168.10.60,
192.168.17.24,192.168.9.51,
192.168.17.24,192.168.10.60,
222.117.164.222,216.58.112.55,
115.187.206.140,216.58.112.55,
192.168.17.24,192.168.9.51,
192.168.17.24,192.168.10.60,
192.168.17.24,192.168.9.51,
192.168.17.24,192.168.10.60,
24.64.129.184,216.58.112.55,
24.64.129.184,216.58.112.55,
24.64.129.184,216.58.112.55,
24.64.139.166,216.58.112.55,
24.64.139.166,216.58.112.55,
66.167.81.195,216.58.112.55,
77.51.81.204,216.58.112.55,
87.106.95.209,216.58.112.55,
192.168.17.24,192.168.9.51,
192.168.17.24,192.168.10.60,
192.168.17.24,192.168.9.51,
192.168.17.24,192.168.10.60,
124.125.41.87,216.58.112.55,
192.168.17.24,192.168.9.51,
192.168.17.24,192.168.10.60,
192.168.17.24,192.168.9.51,
192.168.17.24,192.168.10.60,
122.163.97.121,216.58.112.55,
70.85.185.66,216.58.112.55,
220.64.219.189,216.58.112.55,
192.168.17.11,10.97.14.25,
192.168.17.24,192.168.9.51,
192.168.17.24,192.168.10.60,
192.168.17.24,192.168.9.51,
192.168.17.24,192.168.10.60,
24.64.118.104,216.58.112.55,
24.64.118.104,216.58.112.55,
24.64.118.104,216.58.112.55,
192.168.17.24,192.168.9.51,
192.168.17.24,192.168.10.60,
192.168.17.24,192.168.9.51,
192.168.17.24,192.168.10.60,
42.201.28.114,216.58.112.55,
24.64.122.10,216.58.112.55,
24.64.122.10,216.58.112.55,
24.64.122.10,216.58.112.55,
192.168.17.24,192.168.9.51,
192.168.17.24,192.168.10.60,
192.168.17.24,192.168.9.51,
192.168.17.24,192.168.10.60,
80.207.16.18,216.58.112.55,
80.207.16.18,216.58.112.55,
80.207.16.18,216.58.112.55,
80.207.16.18,216.58.112.55,
80.207.16.18,216.58.112.55,
192.168.17.24,192.168.9.51,
192.168.17.24,192.168.10.60,
192.168.17.24,192.168.9.51,
192.168.17.24,192.168.10.60,
80.145.197.50,216.58.112.55,
189.26.72.76,216.58.112.55,
62.139.173.49,216.58.112.55,
62.43.240.58,216.58.112.55,
192.168.17.24,192.168.9.51,
192.168.17.24,192.168.10.60,
192.168.17.24,192.168.9.51,
192.168.17.24,192.168.10.60,
82.31.90.79,216.58.112.55,
11.216.73.107,216.58.112.55,
192.168.17.24,192.168.9.51,
192.168.17.24,192.168.10.60,
192.168.17.24,192.168.9.51,
192.168.17.24,192.168.10.60,
76.97.188.68,216.58.112.55,
65.100.199.179,216.58.112.55,
192.168.17.11,10.97.14.25,
89.218.72.48,216.58.112.55,
89.239.170.230,216.58.112.55,
192.168.17.24,192.168.9.51,
192.168.17.24,192.168.10.60,
192.168.17.24,192.168.9.51,
192.168.17.24,192.168.10.60,
91.163.121.22,216.58.112.55,
89.106.9.10,216.58.112.55,
192.168.17.24,192.168.9.51,
192.168.17.24,192.168.10.60,
192.168.17.24,192.168.9.51,
192.168.17.24,192.168.10.60,
78.176.73.68,216.58.112.55,
85.100.152.76,216.58.112.55,
192.168.17.24,192.168.9.51,
192.168.17.24,192.168.10.60,
192.168.17.24,192.168.9.51,
192.168.17.24,192.168.10.60,
62.57.158.240,216.58.112.55,
88.253.77.212,216.58.112.55,
87.226.215.54,216.58.112.55,
62.193.216.46,216.58.112.55,
192.168.17.24,192.168.9.51,
192.168.17.24,192.168.10.60,
192.168.17.24,192.168.9.51,
192.168.17.24,192.168.10.60,
211.116.81.90,216.58.112.55,
24.64.37.74,216.58.112.55,
24.64.37.74,216.58.112.55,
24.64.37.74,216.58.112.55,
192.168.17.24,192.168.9.51,
192.168.17.24,192.168.10.60,
192.168.17.24,192.168.9.51,
192.168.17.24,192.168.10.60,
213.217.179.196,216.58.112.55,
24.64.105.94,216.58.112.55,
24.64.105.94,216.58.112.55,
24.64.105.94,216.58.112.55,
192.168.17.24,192.168.9.51,
192.168.17.24,192.168.10.60,
192.168.17.24,192.168.9.51,
192.168.17.24,192.168.10.60,
192.168.17.11,10.97.14.25,
129.197.76.182,216.58.112.55,
192.168.17.24,192.168.9.51,
192.168.17.24,192.168.10.60,
192.168.17.24,192.168.9.51,
192.168.17.24,192.168.10.60,
82.0.207.55,216.58.112.55,
69.72.133.211,216.58.112.55,
128.121.79.163,216.58.112.55,
192.168.17.24,192.168.9.51,
192.168.17.24,192.168.10.60,
192.168.17.24,192.168.9.51,
192.168.17.24,192.168.10.60,
24.64.71.104,216.58.112.55,
24.64.71.104,216.58.112.55,
24.64.71.104,216.58.112.55,
192.168.17.24,192.168.9.51,
192.168.17.24,192.168.10.60,
192.168.17.24,192.168.9.51,
192.168.17.24,192.168.10.60,
66.11.164.174,216.58.112.55,
192.168.17.24,192.168.9.51,
192.168.17.24,192.168.10.60,
192.168.17.24,192.168.9.51,
192.168.17.24,192.168.10.60,
212.83.88.47,216.58.112.55,
203.130.172.230,216.58.112.55,
192.168.17.24,192.168.9.51,
192.168.17.24,192.168.10.60,
192.168.17.24,192.168.9.51,
192.168.17.24,192.168.10.60,
212.182.187.71,216.58.112.55,
192.168.17.11,10.97.14.25,
192.168.17.24,192.168.9.51,
192.168.17.24,192.168.10.60,
192.168.17.24,192.168.9.51,
192.168.17.24,192.168.10.60,
67.15.135.138,216.58.112.55,
78.3.77.4,216.58.112.55,
192.168.17.24,192.168.9.51,
192.168.17.24,192.168.10.60,
192.168.17.24,192.168.9.51,
192.168.17.24,192.168.10.60,
68.119.100.24,216.58.112.55,
81.27.145.12,216.58.112.55,
217.30.253.42,216.58.112.55,
192.168.17.24,192.168.9.51,
192.168.17.24,192.168.10.60,
192.168.17.24,192.168.9.51,
192.168.17.24,192.168.10.60,
172.210.174.157,216.58.112.55,
87.88.189.78,216.58.112.55,
192.168.17.24,192.168.9.51,
192.168.17.24,192.168.10.60,
192.168.17.24,192.168.9.51,
192.168.17.24,192.168.10.60,
164.173.192.88,216.58.112.55,
24.64.103.99,216.58.112.55,
24.64.103.99,216.58.112.55,
24.64.103.99,216.58.112.55,
192.168.17.24,192.168.9.51,
192.168.17.24,192.168.10.60,
192.168.17.24,192.168.9.51,
192.168.17.24,192.168.10.60,
24.65.2.194,216.58.112.55,
24.65.2.194,216.58.112.55,
24.65.2.194,216.58.112.55,
192.168.17.24,192.168.9.51,
192.168.17.24,192.168.10.60,
192.168.17.24,192.168.9.51,
192.168.17.24,192.168.10.60,
139.195.225.120,216.58.112.55,
192.168.17.11,10.97.14.25,
205.214.70.29,216.58.112.55,
192.168.17.24,192.168.9.51,
192.168.17.24,192.168.10.60,
192.168.17.24,192.168.9.51,
192.168.17.24,192.168.10.60,
24.64.181.70,216.58.112.55,
24.64.181.70,216.58.112.55,
24.64.181.70,216.58.112.55,
66.11.164.174,216.58.112.55,
192.168.17.24,192.168.9.51,
192.168.17.24,192.168.10.60,
192.168.17.24,192.168.9.51,
192.168.17.24,192.168.10.60,
202.213.57.37,216.58.112.55,
78.62.67.99,216.58.112.55,
91.127.44.141,216.58.112.55,
88.249.64.131,216.58.112.55,
192.168.17.24,192.168.9.51,
192.168.17.24,192.168.10.60,
192.168.17.24,192.168.9.51,
192.168.17.24,192.168.10.60,
192.168.17.24,192.168.9.51,
192.168.17.24,192.168.10.60,
192.168.17.24,192.168.9.51,
192.168.17.24,192.168.10.60,
62.202.74.126,216.58.112.55,
62.202.74.126,216.58.112.55,
81.154.43.76,216.58.112.55,
218.27.4.98,216.58.112.55,
89.110.10.82,216.58.112.55,
87.235.99.242,216.58.112.55,
81.23.126.18,216.58.112.55,
24.64.44.212,216.58.112.55,
24.64.44.212,216.58.112.55,
24.64.44.212,216.58.112.55,
192.168.17.24,192.168.9.51,
192.168.17.24,192.168.10.60,
192.168.17.24,192.168.9.51,
192.168.17.24,192.168.10.60,
103.226.196.33,216.58.112.55,
122.164.76.115,216.58.112.55,
192.168.17.24,192.168.9.51,
192.168.17.24,192.168.10.60,
192.168.17.24,192.168.9.51,
192.168.17.24,192.168.10.60,
192.168.17.11,10.97.14.25,
192.168.17.24,192.168.9.51,
192.168.17.24,192.168.10.60,
192.168.17.24,192.168.9.51,
192.168.17.24,192.168.10.60,
218.16.119.142,216.58.112.55,
192.168.17.24,192.168.9.51,
192.168.17.24,192.168.10.60,
192.168.17.24,192.168.9.51,
192.168.17.24,192.168.10.60,
99.233.139.230,216.58.112.55,
99.233.139.230,216.58.112.55,
99.233.139.230,216.58.112.55,
99.233.139.230,216.58.112.55,
99.233.139.230,216.58.112.55,
192.168.17.24,192.168.9.51,
192.168.17.24,192.168.10.60,
192.168.17.24,192.168.9.51,
192.168.17.24,192.168.10.60,
79.72.34.118,216.58.112.55,
67.15.135.138,216.58.112.55,
192.168.17.24,192.168.9.51,
192.168.17.24,192.168.10.60,
192.168.17.24,192.168.9.51,
192.168.17.24,192.168.10.60,
217.136.233.230,216.58.112.55,
192.168.17.24,192.168.9.51,
192.168.17.24,192.168.10.60,
192.168.17.24,192.168.9.51,
192.168.17.24,192.168.10.60,
201.235.46.177,216.58.112.55,
192.168.17.11,10.97.14.25,
24.64.97.160,216.58.112.55,
24.64.97.160,216.58.112.55,
24.64.97.160,216.58.112.55,
192.168.17.24,192.168.9.51,
192.168.17.24,192.168.10.60,
192.168.17.24,192.168.9.51,
192.168.17.24,192.168.10.60,
89.138.226.129,216.58.112.55,
195.210.44.163,216.58.112.55,
195.210.44.163,216.58.112.55,
54.247.102.222,216.58.112.55,
192.168.17.24,192.168.9.51,
192.168.17.24,192.168.10.60,
192.168.17.24,192.168.9.51,
192.168.17.24,192.168.10.60,
216.205.91.75,216.58.112.55,
192.168.17.24,192.168.9.51,
192.168.17.24,192.168.10.60,
192.168.17.24,192.168.9.51,
192.168.17.24,192.168.10.60,
210.17.245.163,216.58.112.55,
192.168.17.24,192.168.9.51,
192.168.17.24,192.168.10.60,
192.168.17.24,192.168.9.51,
192.168.17.24,192.168.10.60,
221.208.208.96,216.58.112.55,
221.208.208.96,216.58.112.55,
192.168.17.24,192.168.9.51,
192.168.17.24,192.168.10.60,
192.168.17.24,192.168.9.51,
192.168.17.24,192.168.10.60,
190.50.215.123,216.58.112.55,
192.168.17.24,192.168.9.51,
192.168.17.24,192.168.10.60,
192.168.17.24,192.168.9.51,
192.168.17.24,192.168.10.60,
192.168.17.11,10.97.14.25,
192.168.17.24,192.168.9.51,
192.168.17.24,192.168.10.60,
192.168.17.24,192.168.9.51,
192.168.17.24,192.168.10.60,
192.168.17.24,192.168.9.51,
192.168.17.24,192.168.10.60,
192.168.17.24,192.168.9.51,
192.168.17.24,192.168.10.60,
221.208.208.96,216.58.112.55,
221.208.208.96,216.58.112.55,
66.11.164.174,216.58.112.55,
205.120.249.95,216.58.112.55,
192.168.17.24,192.168.9.51,
192.168.17.24,192.168.10.60,
192.168.17.24,192.168.9.51,
192.168.17.24,192.168.10.60,
194.213.42.149,216.58.112.55,
192.168.17.24,192.168.9.51,
192.168.17.24,192.168.10.60,
192.168.17.24,192.168.9.51,
192.168.17.24,192.168.10.60,
201.68.29.229,216.58.112.55,
201.68.29.229,216.58.112.55,
24.64.158.1,216.58.112.55,
24.64.158.1,216.58.112.55,
24.64.158.1,216.58.112.55,
192.168.17.24,192.168.9.51,
192.168.17.24,192.168.10.60,
192.168.17.24,192.168.9.51,
192.168.17.24,192.168.10.60,
23.118.142.54,216.58.112.55,
124.64.197.227,216.58.112.55,
192.168.17.11,10.97.14.25,
192.168.17.24,192.168.9.51,
192.168.17.24,192.168.10.60,
192.168.17.24,192.168.9.51,
192.168.17.24,192.168.10.60,
24.64.92.58,216.58.112.55,
24.64.92.58,216.58.112.55,
24.64.92.58,216.58.112.55,
192.168.17.24,192.168.9.51,
192.168.17.24,192.168.10.60,
192.168.17.24,192.168.9.51,
192.168.17.24,192.168.10.60,
77.103.133.38,216.58.112.55,
82.82.135.131,216.58.112.55,
201.229.180.239,216.58.112.55,
58.187.204.115,216.58.112.55,
77.42.129.124,216.58.112.55,
192.168.17.24,192.168.9.51,
192.168.17.24,192.168.10.60,
192.168.17.24,192.168.9.51,
192.168.17.24,192.168.10.60,
216.58.112.55,77.42.129.124,
216.58.112.55,77.42.129.124,
216.58.112.55,77.42.129.124,
192.168.17.24,192.168.9.51,
192.168.17.24,192.168.10.60,
192.168.17.24,192.168.9.51,
192.168.17.24,192.168.10.60,
24.64.87.149,216.58.112.55,
24.64.87.149,216.58.112.55,
24.64.87.149,216.58.112.55,
192.168.17.24,192.168.9.51,
192.168.17.24,192.168.10.60,
192.168.17.24,192.168.9.51,
192.168.17.24,192.168.10.60,
190.64.178.15,216.58.112.55,
192.168.17.24,192.168.9.51,
192.168.17.24,192.168.10.60,
192.168.17.24,192.168.9.51,
192.168.17.24,192.168.10.60,
189.13.197.253,216.58.112.55,
50.175.203.207,216.58.112.55,
192.168.17.11,10.97.14.25,
61.7.42.45,216.58.112.55,
192.168.17.24,192.168.9.51,
192.168.17.24,192.168.10.60,
192.168.17.24,192.168.9.51,
192.168.17.24,192.168.10.60,
41.196.235.213,216.58.112.55,
192.168.17.24,192.168.9.51,
192.168.17.24,192.168.10.60,
192.168.17.24,192.168.9.51,
192.168.17.24,192.168.10.60,
111.58.183.137,216.58.112.55,
189.13.212.7,216.58.112.55,
199.89.242.208,216.58.112.55,
213.140.232.7,216.58.112.55,
192.168.17.24,192.168.9.51,
192.168.17.24,192.168.10.60,
192.168.17.24,192.168.9.51,
192.168.17.24,192.168.10.60,
24.64.138.162,216.58.112.55,
24.64.138.162,216.58.112.55,
24.64.138.162,216.58.112.55,
69.147.103.130,216.58.112.55,
82.158.227.219,216.58.112.55,
192.168.17.24,192.168.9.51,
192.168.17.24,192.168.10.60,
192.168.17.24,192.168.9.51,
192.168.17.24,192.168.10.60,
87.18.196.127,216.58.112.55,
192.168.17.24,192.168.9.51,
192.168.17.24,192.168.10.60,
192.168.17.24,192.168.9.51,
192.168.17.24,192.168.10.60,
84.30.36.133,216.58.112.55,
195.56.207.203,216.58.112.55,
192.168.17.24,192.168.9.51,
192.168.17.24,192.168.10.60,
192.168.17.24,192.168.9.51,
192.168.17.24,192.168.10.60,
192.168.17.11,10.97.14.25,
24.64.54.240,216.58.112.55,
24.64.54.240,216.58.112.55,
24.64.54.240,216.58.112.55,
89.229.17.127,216.58.112.55,
192.168.17.24,192.168.9.51,
192.168.17.24,192.168.10.60,
192.168.17.24,192.168.9.51,
192.168.17.24,192.168.10.60,
104.215.205.113,216.58.112.55,
24.64.237.40,216.58.112.55,
24.64.237.40,216.58.112.55,
24.64.237.40,216.58.112.55,
81.183.226.220,216.58.112.55,
190.42.207.84,216.58.112.55,
192.168.17.24,192.168.9.51,
192.168.17.24,192.168.10.60,
192.168.17.24,192.168.9.51,
192.168.17.24,192.168.10.60,
217.129.202.86,216.58.112.55,
88.130.115.204,216.58.112.55,
67.15.159.106,216.58.112.55,
90.133.233.106,216.58.112.55,
216.67.250.37,216.58.112.55,
192.168.17.24,192.168.9.51,
192.168.17.24,192.168.10.60,
192.168.17.24,192.168.9.51,
192.168.17.24,192.168.10.60,
78.37.28.42,216.58.112.55,
61.78.175.216,216.58.112.55,
66.11.164.174,216.58.112.55,
192.168.17.24,192.168.9.51,
192.168.17.24,192.168.10.60,
192.168.17.24,192.168.9.51,
192.168.17.24,192.168.10.60,
24.64.252.125,216.58.112.55,
24.64.252.125,216.58.112.55,
24.64.252.125,216.58.112.55,
124.120.198.32,216.58.112.55,
89.141.6.74,216.58.112.55,
86.21.44.73,216.58.112.55,
192.168.17.24,192.168.9.51,
192.168.17.24,192.168.10.60,
192.168.17.24,192.168.9.51,
192.168.17.24,192.168.10.60,
192.168.17.11,10.97.14.25,
210.111.249.120,216.58.112.55,
122.127.77.194,216.58.112.55,
192.168.17.24,192.168.9.51,
192.168.17.24,192.168.10.60,
192.168.17.24,192.168.9.51,
192.168.17.24,192.168.10.60,
66.11.164.174,216.58.112.55,
221.150.144.60,216.58.112.55,
221.150.144.60,216.58.112.55,
221.150.144.60,216.58.112.55,
71.4.79.129,216.58.112.55,
71.4.79.129,216.58.112.55,
71.4.79.129,216.58.112.55,
71.4.79.129,216.58.112.55,
71.4.79.129,216.58.112.55,
221.135.220.37,216.58.112.55,
192.168.17.24,192.168.9.51,
192.168.17.24,192.168.10.60,
192.168.17.24,192.168.9.51,
192.168.17.24,192.168.10.60,
190.5.198.246,216.58.112.55,
201.231.210.32,216.58.112.55,
221.209.110.13,216.58.112.55,
221.209.110.13,216.58.112.55,
221.209.110.13,216.58.112.55,
89.132.192.77,216.58.112.55,
192.168.17.24,192.168.9.51,
192.168.17.24,192.168.10.60,
192.168.17.24,192.168.9.51,
192.168.17.24,192.168.10.60,
81.105.156.28,216.58.112.55,
79.125.130.64,216.58.112.55,
192.168.17.13,64.29.178.178,
41.249.69.53,216.58.112.55,
213.47.147.194,216.58.112.55,
207.58.137.251,216.58.112.55,
89.130.106.209,216.58.112.55,
85.103.174.82,216.58.112.55,
200.121.27.25,216.58.112.55,
159.228.23.116,216.58.112.55,
192.168.17.24,192.168.9.51,
192.168.17.24,192.168.10.60,
192.168.17.24,192.168.9.51,
192.168.17.24,192.168.10.60,
200.153.194.87,216.58.112.55,
89.107.90.186,216.58.112.55,
77.197.242.140,216.58.112.55,
190.9.91.197,216.58.112.55,
192.168.17.24,192.168.9.51,
192.168.17.24,192.168.10.60,
192.168.17.24,192.168.9.51,
192.168.17.24,192.168.10.60,
86.101.56.38,216.58.112.55,
85.96.142.122,216.58.112.55,
70.85.185.66,216.58.112.55,
192.168.17.24,192.168.9.51,
192.168.17.24,192.168.10.60,
192.168.17.24,192.168.9.51,
192.168.17.24,192.168.10.60,
192.168.17.11,10.97.14.25,
202.86.169.149,216.58.112.55,
190.65.147.187,216.58.112.55,
192.168.17.24,192.168.9.51,
192.168.17.24,192.168.10.60,
192.168.17.24,192.168.9.51,
192.168.17.24,192.168.10.60,
216.58.112.55,85.96.142.122,
24.64.36.35,216.58.112.55,
24.64.36.35,216.58.112.55,
24.64.36.35,216.58.112.55,
200.88.168.108,216.58.112.55,
67.43.2.249,216.58.112.55,
216.58.112.55,85.96.142.122,
88.18.50.173,216.58.112.55,
192.168.17.24,192.168.9.51,
192.168.17.24,192.168.10.60,
192.168.17.24,192.168.9.51,
192.168.17.24,192.168.10.60,
121.14.136.101,216.58.112.55,
192.168.17.24,192.168.9.51,
192.168.17.24,192.168.10.60,
192.168.17.24,192.168.9.51,
192.168.17.24,192.168.10.60,
195.204.1.164,216.58.112.55,
64.239.158.182,216.58.112.55,
195.135.221.135,216.58.112.55,
192.168.17.24,192.168.9.51,
192.168.17.24,192.168.10.60,
192.168.17.24,192.168.9.51,
192.168.17.24,192.168.10.60,
69.147.64.110,216.58.112.55,
192.168.17.24,192.168.9.51,
192.168.17.24,192.168.10.60,
192.168.17.24,192.168.9.51,
192.168.17.24,192.168.10.60,
149.232.181.220,216.58.112.55,
190.82.220.164,216.58.112.55,
192.168.17.11,10.97.14.25,
192.168.17.24,192.168.9.51,
192.168.17.24,192.168.10.60,
192.168.17.24,192.168.9.51,
192.168.17.24,192.168.10.60,
192.168.17.11,10.97.14.21,
192.168.17.11,10.97.14.21,
192.168.17.11,10.97.14.21,
209.37.71.29,216.58.112.55,
192.168.17.24,192.168.9.51,
192.168.17.24,192.168.10.60,
192.168.17.24,192.168.9.51,
192.168.17.24,192.168.10.60,
65.44.117.52,216.58.112.55,
192.168.17.24,192.168.9.51,
192.168.17.24,192.168.10.60,
192.168.17.24,192.168.9.51,
192.168.17.24,192.168.10.60,
85.75.56.43,216.58.112.55,
218.15.95.162,216.58.112.55,
89.136.134.218,216.58.112.55,
192.168.17.24,192.168.9.51,
192.168.17.24,192.168.10.60,
192.168.17.24,192.168.9.51,
192.168.17.24,192.168.10.60,
59.182.71.143,216.58.112.55,
66.11.164.174,216.58.112.55,
192.168.17.24,192.168.9.51,
192.168.17.24,192.168.10.60,
192.168.17.24,192.168.9.51,
192.168.17.24,192.168.10.60,
59.16.75.200,216.58.112.55,
192.168.17.24,192.168.9.51,
192.168.17.24,192.168.10.60,
192.168.17.24,192.168.9.51,
192.168.17.24,192.168.10.60,
192.168.17.11,10.97.14.25,
11.140.195.161,216.58.112.55,
118.169.147.144,216.58.112.55,
118.169.147.144,216.58.112.55,
200.94.94.98,216.58.112.55,
192.168.17.24,192.168.9.51,
192.168.17.24,192.168.10.60,
192.168.17.24,192.168.9.51,
192.168.17.24,192.168.10.60,
66.163.168.153,216.58.112.55,
192.168.17.24,192.168.9.51,
192.168.17.24,192.168.10.60,
192.168.17.24,192.168.9.51,
192.168.17.24,192.168.10.60,
35.72.188.227,216.58.112.55,
192.168.17.24,192.168.9.51,
192.168.17.24,192.168.10.60,
192.168.17.24,192.168.9.51,
192.168.17.24,192.168.10.60,
84.120.201.9,216.58.112.55,
24.64.45.233,216.58.112.55,
24.64.45.233,216.58.112.55,
24.64.45.233,216.58.112.55,
80.39.134.70,216.58.112.55,
66.11.164.174,216.58.112.55,
66.11.164.174,216.58.112.55,
192.168.17.24,192.168.9.51,
192.168.17.24,192.168.10.60,
192.168.17.24,192.168.9.51,
192.168.17.24,192.168.10.60,
72.90.252.71,216.58.112.55,
24.64.127.181,216.58.112.55,
24.64.127.181,216.58.112.55,
24.64.127.181,216.58.112.55,
143.148.154.37,216.58.112.55,
192.168.17.24,192.168.9.51,
192.168.17.24,192.168.10.60,
192.168.17.24,192.168.9.51,
192.168.17.24,192.168.10.60,
192.168.17.24,192.168.9.51,
192.168.17.24,192.168.10.60,
192.168.17.24,192.168.9.51,
192.168.17.24,192.168.10.60,
192.168.17.11,10.97.14.25,
81.141.91.158,216.58.112.55,
81.141.91.158,216.58.112.55,
75.133.77.10,216.58.112.55,
80.126.146.97,216.58.112.55,
24.64.215.42,216.58.112.55,
24.64.215.42,216.58.112.55,
24.64.215.42,216.58.112.55,
192.168.17.11,10.97.14.21,
192.168.17.11,10.97.14.21,
192.168.17.11,10.97.14.21,
82.166.74.9,216.58.112.55,
192.168.17.24,192.168.9.51,
192.168.17.24,192.168.10.60,
192.168.17.24,192.168.9.51,
192.168.17.24,192.168.10.60,
66.163.168.130,216.58.112.55,
85.240.194.127,216.58.112.55,
24.64.63.127,216.58.112.55,
24.64.63.127,216.58.112.55,
24.64.63.127,216.58.112.55,
151.59.69.23,216.58.112.55,
192.168.17.24,192.168.9.51,
192.168.17.24,192.168.10.60,
192.168.17.24,192.168.9.51,
192.168.17.24,192.168.10.60,
213.140.22.65,216.58.112.55,
75.162.41.23,216.58.112.55,
24.64.200.234,216.58.112.55,
24.64.200.234,216.58.112.55,
24.64.200.234,216.58.112.55,
211.243.145.218,216.58.112.55,
24.64.178.152,216.58.112.55,
24.64.178.152,216.58.112.55,
24.64.178.152,216.58.112.55,
64.29.83.51,216.58.112.55,
192.168.17.24,192.168.9.51,
192.168.17.24,192.168.10.60,
192.168.17.24,192.168.9.51,
192.168.17.24,192.168.10.60,
121.122.37.144,216.58.112.55,
83.213.139.152,216.58.112.55,
192.168.17.24,192.168.9.51,
192.168.17.24,192.168.10.60,
192.168.17.24,192.168.9.51,
192.168.17.24,192.168.10.60,
99.252.235.248,216.58.112.55,
192.168.17.24,192.168.9.51,
192.168.17.24,192.168.10.60,
192.168.17.24,192.168.9.51,
192.168.17.24,192.168.10.60,
192.168.17.11,10.97.14.25,
192.168.17.24,192.168.9.51,
192.168.17.24,192.168.10.60,
192.168.17.24,192.168.9.51,
192.168.17.24,192.168.10.60,
200.71.237.131,216.58.112.55,
192.168.17.24,192.168.9.51,
192.168.17.24,192.168.10.60,
192.168.17.24,192.168.9.51,
192.168.17.24,192.168.10.60,
82.18.168.66,216.58.112.55,
61.190.136.154,216.58.112.55,
67.216.129.5,216.58.112.55,
156.101.119.76,216.58.112.55,
192.168.17.24,192.168.9.51,
192.168.17.24,192.168.10.60,
192.168.17.24,192.168.9.51,
192.168.17.24,192.168.10.60,
75.92.116.70,216.58.112.55,
200.121.147.196,216.58.112.55,
67.113.111.177,216.58.112.55,
192.168.17.24,192.168.9.51,
192.168.17.24,192.168.10.60,
192.168.17.24,192.168.9.51,
192.168.17.24,192.168.10.60,
24.64.210.238,216.58.112.55,
24.64.210.238,216.58.112.55,
24.64.210.238,216.58.112.55,
192.168.17.24,192.168.9.51,
192.168.17.24,192.168.10.60,
192.168.17.24,192.168.9.51,
192.168.17.24,192.168.10.60,
24.64.214.116,216.58.112.55,
24.64.214.116,216.58.112.55,
24.64.214.116,216.58.112.55,
24.64.221.193,216.58.112.55,
24.64.221.193,216.58.112.55,
192.168.17.24,192.168.9.51,
192.168.17.24,192.168.10.60,
192.168.17.24,192.168.9.51,
192.168.17.24,192.168.10.60,
189.78.251.116,216.58.112.55,
12.168.212.242,216.58.112.55,
42.128.84.194,216.58.112.55,
192.168.17.11,10.97.14.25,
192.168.17.24,192.168.9.51,
192.168.17.24,192.168.10.60,
192.168.17.24,192.168.9.51,
192.168.17.24,192.168.10.60,
66.11.164.174,216.58.112.55,
72.38.55.146,192.168.17.24,
192.168.17.24,192.168.9.51,
192.168.17.24,192.168.10.60,
192.168.17.24,192.168.9.51,
192.168.17.24,192.168.10.60,
221.209.110.50,216.58.112.55,
84.32.113.155,216.58.112.55,
192.168.17.24,192.168.9.51,
192.168.17.24,192.168.10.60,
192.168.17.24,192.168.9.51,
192.168.17.24,192.168.10.60,
91.144.133.147,216.58.112.55,
82.38.230.183,216.58.112.55,
84.29.182.181,216.58.112.55,
66.230.200.240,216.58.112.55,
192.168.17.24,192.168.9.51,
192.168.17.24,192.168.10.60,
192.168.17.24,192.168.9.51,
192.168.17.24,192.168.10.60,
190.26.104.67,216.58.112.55,
89.1.151.53,216.58.112.55,
201.230.149.37,216.58.112.55,
83.46.128.235,216.58.112.55,
24.64.101.157,216.58.112.55,
24.64.101.157,216.58.112.55,
24.64.101.157,216.58.112.55,
66.11.164.174,216.58.112.55,
192.168.17.24,192.168.9.51,
192.168.17.24,192.168.10.60,
192.168.17.24,192.168.9.51,
192.168.17.24,192.168.10.60,
89.165.186.160,216.58.112.55,
192.168.17.11,10.97.14.25,
192.168.17.24,192.168.9.51,
192.168.17.24,192.168.10.60,
192.168.17.24,192.168.9.51,
192.168.17.24,192.168.10.60,
66.94.237.49,216.58.112.55,
66.11.164.174,216.58.112.55,
66.11.164.174,216.58.112.55,
38.100.169.140,216.58.112.55,
192.168.17.24,192.168.9.51,
192.168.17.24,192.168.10.60,
192.168.17.24,192.168.9.51,
192.168.17.24,192.168.10.60,
200.211.146.141,216.58.112.55,
217.127.143.157,216.58.112.55,
86.104.182.57,216.58.112.55,
201.9.182.50,216.58.112.55,
192.168.17.24,192.168.9.51,
192.168.17.24,192.168.10.60,
192.168.17.24,192.168.9.51,
192.168.17.24,192.168.10.60,
56.14.15.106,216.58.112.55,
128.29.163.66,216.58.112.55,
190.49.8.81,216.58.112.55,
194.90.6.44,216.58.112.55,
194.90.6.44,216.58.112.55,
194.90.6.44,216.58.112.55,
200.83.228.206,216.58.112.55,
65.109.80.141,216.58.112.55,
194.90.6.44,216.58.112.55,
192.168.17.24,192.168.9.51,
192.168.17.24,192.168.10.60,
192.168.17.24,192.168.9.51,
192.168.17.24,192.168.10.60,
194.90.6.44,216.58.112.55,
207.45.176.98,216.58.112.55,
124.120.245.234,216.58.112.55,
194.90.6.44,216.58.112.55,
91.122.161.205,216.58.112.55,
201.221.161.111,216.58.112.55,
194.90.6.44,216.58.112.55,
202.97.238.204,216.58.112.55,
202.97.238.204,216.58.112.55,
192.168.17.24,192.168.9.51,
192.168.17.24,192.168.10.60,
192.168.17.24,192.168.9.51,
192.168.17.24,192.168.10.60,
189.41.209.65,216.58.112.55,
24.64.194.53,216.58.112.55,
24.64.194.53,216.58.112.55,
24.64.194.53,216.58.112.55,
194.90.6.44,216.58.112.55,
194.90.6.44,216.58.112.55,
194.90.6.44,216.58.112.55,
192.168.17.24,192.168.9.51,
192.168.17.24,192.168.10.60,
192.168.17.24,192.168.9.51,
192.168.17.24,192.168.10.60,
72.38.55.146,192.168.17.24,
89.49.78.88,216.58.112.55,
89.49.78.88,216.58.112.55,
89.49.78.88,216.58.112.55,
89.49.78.88,216.58.112.55,
89.49.78.88,216.58.112.55,
71.165.154.76,216.58.112.55,
192.168.17.11,10.97.14.25,
192.168.17.24,192.168.9.51,
192.168.17.24,192.168.10.60,
192.168.17.24,192.168.9.51,
192.168.17.24,192.168.10.60,
66.11.164.174,216.58.112.55,
24.64.138.168,216.58.112.55,
24.64.138.168,216.58.112.55,
24.64.138.168,216.58.112.55,
88.245.114.47,216.58.112.55,
194.187.205.215,216.58.112.55,
100.24.18.221,216.58.112.55,
192.168.17.24,192.168.9.51,
192.168.17.24,192.168.10.60,
192.168.17.24,192.168.9.51,
192.168.17.24,192.168.10.60,
81.15.250.134,216.58.112.55,
87.6.209.207,216.58.112.55,
192.168.17.24,192.168.9.51,
192.168.17.24,192.168.10.60,
192.168.17.24,192.168.9.51,
192.168.17.24,192.168.10.60,
190.1.212.107,216.58.112.55,
189.31.152.178,216.58.112.55,
90.154.216.253,216.58.112.55,
66.221.238.191,216.58.112.55,
208.205.46.7,216.58.112.55,
216.58.112.55,189.31.152.178,
192.168.17.24,192.168.9.51,
192.168.17.24,192.168.10.60,
192.168.17.24,192.168.9.51,
192.168.17.24,192.168.10.60,
190.79.148.78,216.58.112.55,
216.58.112.55,189.31.152.178,
85.102.58.70,216.58.112.55,
216.58.112.55,189.31.152.178,
24.64.57.144,216.58.112.55,
24.64.57.144,216.58.112.55,
24.64.57.144,216.58.112.55,
82.213.165.82,216.58.112.55,
83.9.227.205,216.58.112.55,
192.168.17.11,10.97.14.21,
192.168.17.11,10.97.14.21,
192.168.17.11,10.97.14.21,
192.168.17.24,192.168.9.51,
192.168.17.24,192.168.10.60,
192.168.17.24,192.168.9.51,
192.168.17.24,192.168.10.60,
83.186.189.108,216.58.112.55,
185.18.108.111,216.58.112.55,
87.24.131.142,216.58.112.55,
192.168.17.24,192.168.9.51,
192.168.17.24,192.168.10.60,
192.168.17.24,192.168.9.51,
192.168.17.24,192.168.10.60,
192.168.17.11,10.97.14.25,
82.204.148.81,216.58.112.55,
14.102.96.177,216.58.112.55,
90.248.113.55,216.58.112.55,
206.108.5.1,216.58.112.55,
192.168.17.24,192.168.9.51,
192.168.17.24,192.168.10.60,
192.168.17.24,192.168.9.51,
192.168.17.24,192.168.10.60,
192.168.17.24,192.168.9.51,
192.168.17.24,192.168.10.60,
192.168.17.24,192.168.9.51,
192.168.17.24,192.168.10.60,
91.90.200.34,216.58.112.55,
192.168.17.24,192.168.9.51,
192.168.17.24,192.168.10.60,
192.168.17.24,192.168.9.51,
192.168.17.24,192.168.10.60,
88.252.225.76,216.58.112.55,
79.186.237.6,216.58.112.55,
69.61.32.44,216.58.112.55,
89.132.115.151,216.58.112.55,
192.168.17.24,192.168.9.51,
192.168.17.24,192.168.10.60,
192.168.17.24,192.168.9.51,
192.168.17.24,192.168.10.60,
194.3.54.170,216.58.112.55,
89.109.197.165,216.58.112.55,
71.125.192.112,216.58.112.55,
192.168.17.24,192.168.9.51,
192.168.17.24,192.168.10.60,
192.168.17.24,192.168.9.51,
192.168.17.24,192.168.10.60,
147.227.192.74,216.58.112.55,
192.168.17.11,10.97.14.25,
82.16.35.212,216.58.112.55,
24.64.182.127,216.58.112.55,
24.64.182.127,216.58.112.55,
24.64.182.127,216.58.112.55,
71.187.148.64,216.58.112.55,
85.141.189.174,216.58.112.55,
192.168.17.24,192.168.9.51,
192.168.17.24,192.168.10.60,
192.168.17.24,192.168.9.51,
192.168.17.24,192.168.10.60,
41.251.69.208,216.58.112.55,
206.108.5.1,216.58.112.55,
192.168.17.24,192.168.9.51,
192.168.17.24,192.168.10.60,
192.168.17.24,192.168.9.51,
192.168.17.24,192.168.10.60,
200.67.106.244,216.58.112.55,
83.6.235.155,216.58.112.55,
192.168.17.24,192.168.9.51,
192.168.17.24,192.168.10.60,
192.168.17.24,192.168.9.51,
192.168.17.24,192.168.10.60,
66.11.164.174,216.58.112.55,
192.168.17.24,192.168.9.51,
192.168.17.24,192.168.10.60,
192.168.17.24,192.168.9.51,
192.168.17.24,192.168.10.60,
201.240.194.87,216.58.112.55,
200.114.44.99,216.58.112.55,
200.114.44.99,216.58.112.55,
192.168.17.24,192.168.9.51,
192.168.17.24,192.168.10.60,
192.168.17.24,192.168.9.51,
192.168.17.24,192.168.10.60,
184.163.93.130,216.58.112.55,
78.149.74.29,216.58.112.55,
192.168.17.24,192.168.9.51,
192.168.17.24,192.168.10.60,
192.168.17.24,192.168.9.51,
192.168.17.24,192.168.10.60,
192.168.17.11,10.97.14.25,
81.213.160.51,216.58.112.55,
209.200.245.189,216.58.112.55,
192.168.17.24,192.168.9.51,
192.168.17.24,192.168.10.60,
192.168.17.24,192.168.9.51,
192.168.17.24,192.168.10.60,
201.58.129.234,216.58.112.55,
192.168.17.24,192.168.9.51,
192.168.17.24,192.168.10.60,
192.168.17.24,192.168.9.51,
192.168.17.24,192.168.10.60,
217.194.196.3,216.58.112.55,
87.203.158.207,216.58.112.55,
73.230.55.114,216.58.112.55,
66.11.164.174,216.58.112.55,
79.12.103.171,216.58.112.55,
192.168.17.24,192.168.9.51,
192.168.17.24,192.168.10.60,
192.168.17.24,192.168.9.51,
192.168.17.24,192.168.10.60,
201.228.201.247,216.58.112.55,
79.185.83.220,216.58.112.55,
79.185.83.220,216.58.112.55,
79.185.83.220,216.58.112.55,
79.185.83.220,216.58.112.55,
79.185.83.220,216.58.112.55,
192.168.17.24,192.168.9.51,
192.168.17.24,192.168.10.60,
192.168.17.24,192.168.9.51,
192.168.17.24,192.168.10.60,
192.168.17.8,142.237.31.2,
192.168.17.8,142.237.31.2,
192.168.17.8,142.237.31.2,
192.168.17.8,142.237.31.2,
192.168.17.8,142.237.31.2,
142.237.31.2,216.58.112.55,
213.184.7.177,216.58.112.55,
24.64.51.229,216.58.112.55,
24.64.51.229,216.58.112.55,
24.64.51.229,216.58.112.55,
192.168.17.24,192.168.9.51,
192.168.17.24,192.168.10.60,
192.168.17.24,192.168.9.51,
192.168.17.24,192.168.10.60,
88.235.111.202,216.58.112.55,
79.101.145.41,216.58.112.55,
24.64.221.105,216.58.112.55,
24.64.221.105,216.58.112.55,
24.64.221.105,216.58.112.55,
192.168.17.11,10.97.14.25,
192.168.17.24,192.168.9.51,
192.168.17.24,192.168.10.60,
192.168.17.24,192.168.9.51,
192.168.17.24,192.168.10.60,
200.114.26.59,216.58.112.55,
201.83.240.174,216.58.112.55,
189.10.217.170,216.58.112.55,
192.168.17.24,192.168.9.51,
192.168.17.24,192.168.10.60,
192.168.17.24,192.168.9.51,
192.168.17.24,192.168.10.60,
218.64.237.219,216.58.112.55,
24.64.190.155,216.58.112.55,
24.64.190.155,216.58.112.55,
24.64.190.155,216.58.112.55,
151.74.159.125,216.58.112.55,
24.64.97.192,216.58.112.55,
24.64.97.192,216.58.112.55,
24.64.97.192,216.58.112.55,
201.240.55.56,216.58.112.55,
81.208.83.217,216.58.112.55,
81.208.83.217,216.58.112.55,
81.208.83.217,216.58.112.55,
81.208.83.217,216.58.112.55,
192.168.17.24,192.168.9.51,
192.168.17.24,192.168.10.60,
192.168.17.24,192.168.9.51,
192.168.17.24,192.168.10.60,
192.168.17.24,192.168.9.51,
192.168.17.24,192.168.10.60,
192.168.17.24,192.168.9.51,
192.168.17.24,192.168.10.60,
59.177.100.24,216.58.112.55,
192.168.17.24,192.168.9.51,
192.168.17.24,192.168.10.60,
192.168.17.24,192.168.9.51,
192.168.17.24,192.168.10.60,
209.200.255.50,216.58.112.55,
192.168.17.24,192.168.9.51,
192.168.17.24,192.168.10.60,
192.168.17.24,192.168.9.51,
192.168.17.24,192.168.10.60,
201.233.146.241,216.58.112.55,
192.168.17.11,10.97.14.25,
72.38.55.146,192.168.17.24,
192.168.17.24,192.168.9.51,
192.168.17.24,192.168.10.60,
192.168.17.24,192.168.9.51,
192.168.17.24,192.168.10.60,
81.101.158.8,216.58.112.55,
142.217.215.62,216.58.112.55,
24.64.214.175,216.58.112.55,
24.64.214.175,216.58.112.55,
24.64.214.175,216.58.112.55,
201.211.103.168,216.58.112.55,
81.248.11.209,216.58.112.55,
201.211.103.168,216.58.112.55,
201.211.103.168,216.58.112.55,
192.168.17.24,192.168.9.51,
192.168.17.24,192.168.10.60,
192.168.17.24,192.168.9.51,
192.168.17.24,192.168.10.60,
65.54.246.108,216.58.112.55,
198.41.70.2,216.58.112.55,
212.114.49.92,216.58.112.55,
192.168.17.24,192.168.9.51,
192.168.17.24,192.168.10.60,
192.168.17.24,192.168.9.51,
192.168.17.24,192.168.10.60,
220.195.35.40,216.58.112.55,
192.168.17.24,192.168.9.51,
192.168.17.24,192.168.10.60,
192.168.17.24,192.168.9.51,
192.168.17.24,192.168.10.60,
24.64.171.156,216.58.112.55,
24.64.171.156,216.58.112.55,
24.64.171.156,216.58.112.55,
89.136.24.41,216.58.112.55,
89.136.24.41,216.58.112.55,
89.136.24.41,216.58.112.55,
192.168.17.24,192.168.9.51,
192.168.17.24,192.168.10.60,
192.168.17.24,192.168.9.51,
192.168.17.24,192.168.10.60,
83.46.21.161,216.58.112.55,
192.168.17.24,192.168.9.51,
192.168.17.24,192.168.10.60,
192.168.17.24,192.168.9.51,
192.168.17.24,192.168.10.60,
192.168.17.11,10.97.14.25,
89.136.24.41,216.58.112.55,
89.136.24.41,216.58.112.55,
89.136.24.41,216.58.112.55,
66.11.164.174,216.58.112.55,
24.64.3.245,216.58.112.55,
24.64.3.245,216.58.112.55,
24.64.3.245,216.58.112.55,
192.168.17.24,192.168.9.51,
192.168.17.24,192.168.10.60,
192.168.17.24,192.168.9.51,
192.168.17.24,192.168.10.60,
220.195.35.40,216.58.112.55,
220.195.35.40,216.58.112.55,
220.195.35.40,216.58.112.55,
220.195.35.40,216.58.112.55,
220.195.35.40,216.58.112.55,
220.195.35.40,216.58.112.55,
220.195.35.40,216.58.112.55,
220.195.35.40,216.58.112.55,
220.195.35.40,216.58.112.55,
192.168.17.24,192.168.9.51,
192.168.17.24,192.168.10.60,
192.168.17.24,192.168.9.51,
192.168.17.24,192.168.10.60,
220.195.35.40,216.58.112.55,
44.85.108.182,216.58.112.55,
220.195.35.40,216.58.112.55,
220.195.35.40,216.58.112.55,
183.70.138.250,216.58.112.55,
220.195.35.40,216.58.112.55,
220.195.35.40,216.58.112.55,
220.195.35.40,216.58.112.55,
78.170.159.229,216.58.112.55,
220.195.35.40,216.58.112.55,
220.195.35.40,216.58.112.55,
220.195.35.40,216.58.112.55,
192.168.17.24,192.168.9.51,
192.168.17.24,192.168.10.60,
192.168.17.24,192.168.9.51,
192.168.17.24,192.168.10.60,
220.195.35.40,216.58.112.55,
220.195.35.40,216.58.112.55,
220.195.35.40,216.58.112.55,
220.195.35.40,216.58.112.55,
24.64.227.37,216.58.112.55,
24.64.227.37,216.58.112.55,
24.64.227.37,216.58.112.55,
220.195.35.40,216.58.112.55,
220.195.35.40,216.58.112.55,
220.195.35.40,216.58.112.55,
220.195.35.40,216.58.112.55,
220.195.35.40,216.58.112.55,
192.168.17.24,192.168.9.51,
192.168.17.24,192.168.10.60,
192.168.17.24,192.168.9.51,
192.168.17.24,192.168.10.60,
220.195.35.40,216.58.112.55,
220.195.35.40,216.58.112.55,
220.195.35.40,216.58.112.55,
220.195.35.40,216.58.112.55,
220.195.35.40,216.58.112.55,
220.195.35.40,216.58.112.55,
220.195.35.40,216.58.112.55,
220.195.35.40,216.58.112.55,
220.195.35.40,216.58.112.55,
220.195.35.40,216.58.112.55,
192.168.17.24,192.168.9.51,
192.168.17.24,192.168.10.60,
192.168.17.24,192.168.9.51,
192.168.17.24,192.168.10.60,
220.195.35.40,216.58.112.55,
220.195.35.40,216.58.112.55,
220.195.35.40,216.58.112.55,
220.195.35.40,216.58.112.55,
96.240.44.58,216.58.112.55,
220.195.35.40,216.58.112.55,
220.195.35.40,216.58.112.55,
192.168.17.11,10.97.14.25,
220.195.35.40,216.58.112.55,
220.195.35.40,216.58.112.55,
220.195.35.40,216.58.112.55,
192.168.17.24,192.168.9.51,
192.168.17.24,192.168.10.60,
192.168.17.24,192.168.9.51,
192.168.17.24,192.168.10.60,
220.195.35.40,216.58.112.55,
220.195.35.40,216.58.112.55,
220.195.35.40,216.58.112.55,
220.195.35.40,216.58.112.55,
220.195.35.40,216.58.112.55,
220.195.35.40,216.58.112.55,
220.195.35.40,216.58.112.55,
220.195.35.40,216.58.112.55,
220.195.35.40,216.58.112.55,
192.168.17.24,192.168.9.51,
192.168.17.24,192.168.10.60,
192.168.17.24,192.168.9.51,
192.168.17.24,192.168.10.60,
220.195.35.40,216.58.112.55,
220.195.35.40,216.58.112.55,
202.97.238.195,216.58.112.55,
217.88.190.115,216.58.112.55,
220.195.35.40,216.58.112.55,
220.195.35.40,216.58.112.55,
220.195.35.40,216.58.112.55,
220.195.35.40,216.58.112.55,
220.195.35.40,216.58.112.55,
220.195.35.40,216.58.112.55,
202.97.238.195,216.58.112.55,
220.195.35.40,216.58.112.55,
192.168.17.24,192.168.9.51,
192.168.17.24,192.168.10.60,
192.168.17.24,192.168.9.51,
192.168.17.24,192.168.10.60,
220.195.35.40,216.58.112.55,
70.47.93.141,216.58.112.55,
220.195.35.40,216.58.112.55,
220.195.35.40,216.58.112.55,
220.195.35.40,216.58.112.55,
220.195.35.40,216.58.112.55,
220.195.35.40,216.58.112.55,
192.168.17.24,192.168.9.51,
192.168.17.24,192.168.10.60,
192.168.17.24,192.168.9.51,
192.168.17.24,192.168.10.60,
24.64.197.34,216.58.112.55,
24.64.197.34,216.58.112.55,
24.64.197.34,216.58.112.55,
83.153.123.1,216.58.112.55,
88.18.225.72,216.58.112.55,
192.168.17.24,192.168.9.51,
192.168.17.24,192.168.10.60,
192.168.17.24,192.168.9.51,
192.168.17.24,192.168.10.60,
216.215.20.139,216.58.112.55,
83.132.66.239,216.58.112.55,
202.97.238.194,216.58.112.55,
66.11.164.174,216.58.112.55,
192.168.17.24,192.168.9.51,
192.168.17.24,192.168.10.60,
192.168.17.24,192.168.9.51,
192.168.17.24,192.168.10.60,
91.44.239.140,216.58.112.55,
199.125.184.60,216.58.112.55,
192.168.17.11,10.97.14.25,
194.170.173.115,216.58.112.55,
192.168.17.24,192.168.9.51,
192.168.17.24,192.168.10.60,
192.168.17.24,192.168.9.51,
192.168.17.24,192.168.10.60,
222.236.206.129,216.58.112.55,
24.64.87.90,216.58.112.55,
24.64.87.90,216.58.112.55,
24.64.87.90,216.58.112.55,
201.16.26.49,216.58.112.55,
17.69.200.200,216.58.112.55,
192.168.17.24,192.168.9.51,
192.168.17.24,192.168.10.60,
192.168.17.24,192.168.9.51,
192.168.17.24,192.168.10.60,
84.1.209.247,216.58.112.55,
142.190.110.84,216.58.112.55,
95.13.70.16,216.58.112.55,
202.97.238.203,216.58.112.55,
78.176.121.157,216.58.112.55,
192.168.17.24,192.168.9.51,
192.168.17.24,192.168.10.60,
192.168.17.24,192.168.9.51,
192.168.17.24,192.168.10.60,
125.244.236.194,216.58.112.55,
61.143.147.228,216.58.112.55,
192.168.17.24,192.168.9.51,
192.168.17.24,192.168.10.60,
192.168.17.24,192.168.9.51,
192.168.17.24,192.168.10.60,
191.148.180.234,216.58.112.55,
24.64.27.239,216.58.112.55,
24.64.27.239,216.58.112.55,
24.64.27.239,216.58.112.55,
189.33.131.126,216.58.112.55,
152.3.166.238,216.58.112.55,
201.240.65.139,216.58.112.55,
201.240.65.139,216.58.112.55,
201.240.65.139,216.58.112.55,
201.240.65.139,216.58.112.55,
201.240.65.139,216.58.112.55,
140.252.214.104,216.58.112.55,
192.168.17.24,192.168.9.51,
192.168.17.24,192.168.10.60,
192.168.17.24,192.168.9.51,
192.168.17.24,192.168.10.60,
152.213.44.14,216.58.112.55,
206.108.5.1,216.58.112.55,
192.168.17.11,10.97.14.25,
192.168.17.24,192.168.9.51,
192.168.17.24,192.168.10.60,
192.168.17.24,192.168.9.51,
192.168.17.24,192.168.10.60,
66.11.164.174,216.58.112.55,
192.168.17.24,192.168.9.51,
192.168.17.24,192.168.10.60,
192.168.17.24,192.168.9.51,
192.168.17.24,192.168.10.60,
129.41.77.72,216.58.112.55,
190.40.253.236,216.58.112.55,
192.168.17.24,192.168.9.51,
192.168.17.24,192.168.10.60,
192.168.17.24,192.168.9.51,
192.168.17.24,192.168.10.60,
24.64.53.134,216.58.112.55,
24.64.53.134,216.58.112.55,
24.64.53.134,216.58.112.55,
96.237.120.85,216.58.112.55,
71.170.107.10,216.58.112.55,
192.168.17.24,192.168.9.51,
192.168.17.24,192.168.10.60,
192.168.17.24,192.168.9.51,
192.168.17.24,192.168.10.60,
76.2.106.62,216.58.112.55,
192.168.17.24,192.168.9.51,
192.168.17.24,192.168.10.60,
192.168.17.24,192.168.9.51,
192.168.17.24,192.168.10.60,
85.13.47.83,216.58.112.55,
192.168.17.24,192.168.9.51,
192.168.17.24,192.168.10.60,
192.168.17.24,192.168.9.51,
192.168.17.24,192.168.10.60,
192.168.17.11,10.97.14.25,
192.168.17.24,192.168.9.51,
192.168.17.24,192.168.10.60,
192.168.17.24,192.168.9.51,
192.168.17.24,192.168.10.60,
193.227.243.149,216.58.112.55,
192.168.17.24,192.168.9.51,
192.168.17.24,192.168.10.60,
192.168.17.24,192.168.9.51,
192.168.17.24,192.168.10.60,
201.255.162.140,216.58.112.55,
87.18.17.1,216.58.112.55,
192.168.17.24,192.168.9.51,
192.168.17.24,192.168.10.60,
192.168.17.24,192.168.9.51,
192.168.17.24,192.168.10.60,
91.122.181.41,216.58.112.55,
91.122.181.41,216.58.112.55,
91.122.181.41,216.58.112.55,
91.122.181.41,216.58.112.55,
86.164.44.60,216.58.112.55,
209.59.162.147,216.58.112.55,
82.229.96.42,216.58.112.55,
82.229.96.42,216.58.112.55,
200.67.233.86,216.58.112.55,
216.58.112.55,193.227.243.149,
71.199.156.108,216.58.112.55,
24.64.82.137,216.58.112.55,
24.64.82.137,216.58.112.55,
24.64.82.137,216.58.112.55,
192.168.17.24,192.168.9.51,
192.168.17.24,192.168.10.60,
192.168.17.24,192.168.9.51,
192.168.17.24,192.168.10.60,
216.58.112.55,193.227.243.149,
216.215.20.139,216.58.112.55,
190.40.195.55,216.58.112.55,
192.168.17.24,192.168.9.51,
192.168.17.24,192.168.10.60,
192.168.17.24,192.168.9.51,
192.168.17.24,192.168.10.60,
200.121.135.138,216.58.112.55,
192.168.17.24,192.168.9.51,
192.168.17.24,192.168.10.60,
192.168.17.24,192.168.9.51,
192.168.17.24,192.168.10.60,
81.103.99.208,216.58.112.55,
192.168.17.11,10.97.14.25,
181.98.186.228,216.58.112.55,
88.18.60.167,216.58.112.55,
198.237.173.99,216.58.112.55,
192.168.17.24,192.168.9.51,
192.168.17.24,192.168.10.60,
192.168.17.24,192.168.9.51,
192.168.17.24,192.168.10.60,
206.191.34.134,216.58.112.55,
24.64.154.177,216.58.112.55,
24.64.154.177,216.58.112.55,
24.64.154.177,216.58.112.55,
192.168.17.24,192.168.9.51,
192.168.17.24,192.168.10.60,
192.168.17.24,192.168.9.51,
192.168.17.24,192.168.10.60,
192.168.17.24,10.97.14.8,
192.168.17.24,192.168.12.52,
192.168.17.24,192.168.12.52,
192.168.17.24,192.168.12.52,
88.11.12.0,216.58.112.55,
192.168.17.24,192.168.12.52,
192.168.17.24,192.168.12.52,
192.168.17.24,192.168.9.51,
192.168.17.24,192.168.10.60,
192.168.17.24,192.168.9.51,
192.168.17.24,192.168.10.60,
66.11.164.174,216.58.112.55,
87.240.6.187,216.58.112.55,
192.168.17.24,192.168.9.51,
192.168.17.24,192.168.10.60,
192.168.17.24,192.168.9.51,
192.168.17.24,192.168.10.60,
190.49.127.73,216.58.112.55,
192.168.17.24,192.168.9.51,
192.168.17.24,192.168.10.60,
192.168.17.24,192.168.9.51,
192.168.17.24,192.168.10.60,
78.140.214.129,216.58.112.55,
84.94.113.174,216.58.112.55,
84.94.113.174,216.58.112.55,
195.56.159.1,216.58.112.55,
192.168.17.11,10.97.14.25,
203.210.200.93,216.58.112.55,
192.168.17.24,192.168.9.51,
192.168.17.24,192.168.10.60,
192.168.17.24,192.168.9.51,
192.168.17.24,192.168.10.60,
66.11.164.174,216.58.112.55,
88.245.69.228,216.58.112.55,
192.168.17.24,192.168.9.51,
192.168.17.24,192.168.10.60,
192.168.17.24,192.168.9.51,
192.168.17.24,192.168.10.60,
190.24.46.236,216.58.112.55,
192.168.17.24,192.168.9.51,
192.168.17.24,192.168.10.60,
192.168.17.24,192.168.9.51,
192.168.17.24,192.168.10.60,
24.64.247.139,216.58.112.55,
24.64.247.139,216.58.112.55,
24.64.247.139,216.58.112.55,
192.168.17.24,192.168.9.51,
192.168.17.24,192.168.10.60,
192.168.17.24,192.168.9.51,
192.168.17.24,192.168.10.60,
218.10.137.140,216.58.112.55,
218.10.137.140,216.58.112.55,
218.10.137.140,216.58.112.55,
218.10.137.140,216.58.112.55,
66.11.164.174,216.58.112.55,
24.64.186.200,216.58.112.55,
24.64.186.200,216.58.112.55,
24.64.186.200,216.58.112.55,
192.168.17.24,192.168.9.51,
192.168.17.24,192.168.10.60,
192.168.17.24,192.168.9.51,
192.168.17.24,192.168.10.60,
24.64.40.79,216.58.112.55,
72.38.55.146,192.168.17.24,
200.89.242.221,216.58.112.55,
192.168.17.24,192.168.9.51,
192.168.17.24,192.168.10.60,
192.168.17.24,192.168.9.51,
192.168.17.24,192.168.10.60,
192.168.17.11,10.97.14.25,
201.110.75.7,216.58.112.55,
66.163.168.190,216.58.112.55,
86.141.18.31,216.58.112.55,
24.64.126.103,216.58.112.55,
24.64.126.103,216.58.112.55,
24.64.126.103,216.58.112.55,
192.168.17.24,192.168.9.51,
192.168.17.24,192.168.10.60,
192.168.17.24,192.168.9.51,
192.168.17.24,192.168.10.60,
64.124.204.39,216.58.112.55,
83.27.228.6,216.58.112.55,
83.27.228.6,216.58.112.55,
211.213.60.6,216.58.112.55,
211.213.60.6,216.58.112.55,
192.168.17.24,192.168.9.51,
192.168.17.24,192.168.10.60,
192.168.17.24,192.168.9.51,
192.168.17.24,192.168.10.60,
48.234.96.8,216.58.112.55,
192.168.17.24,192.168.9.51,
192.168.17.24,192.168.10.60,
192.168.17.24,192.168.9.51,
192.168.17.24,192.168.10.60,
24.64.55.161,216.58.112.55,
24.64.55.161,216.58.112.55,
24.64.55.161,216.58.112.55,
210.235.119.135,216.58.112.55,
192.168.17.24,192.168.9.51,
192.168.17.24,192.168.10.60,
192.168.17.24,192.168.9.51,
192.168.17.24,192.168.10.60,
86.127.73.61,216.58.112.55,
24.64.193.24,216.58.112.55,
24.64.193.24,216.58.112.55,
24.64.193.24,216.58.112.55,
22.147.86.13,216.58.112.55,
192.168.17.24,192.168.9.51,
192.168.17.24,192.168.10.60,
192.168.17.24,192.168.9.51,
192.168.17.24,192.168.10.60,
86.107.89.250,216.58.112.55,
200.118.113.246,216.58.112.55,
192.168.17.11,10.97.14.25,
192.168.17.24,192.168.9.51,
192.168.17.24,192.168.10.60,
192.168.17.24,192.168.9.51,
192.168.17.24,192.168.10.60,
70.85.185.66,216.58.112.55,
18.7.25.118,216.58.112.55,
201.110.201.161,216.58.112.55,
194.117.241.30,216.58.112.55,
201.240.66.113,216.58.112.55,
192.168.17.24,192.168.9.51,
192.168.17.24,192.168.10.60,
192.168.17.24,192.168.9.51,
192.168.17.24,192.168.10.60,
204.15.20.132,216.58.112.55,
64.213.55.225,216.58.112.55,
64.213.55.225,216.58.112.55,
198.43.162.18,216.58.112.55,
118.125.3.109,216.58.112.55,
62.121.69.77,216.58.112.55,
178.248.112.92,216.58.112.55,
82.116.114.146,216.58.112.55,
192.168.17.24,192.168.9.51,
192.168.17.24,192.168.10.60,
192.168.17.24,192.168.9.51,
192.168.17.24,192.168.10.60,
190.188.224.47,216.58.112.55,
192.168.17.24,192.168.9.51,
192.168.17.24,192.168.10.60,
192.168.17.24,192.168.9.51,
192.168.17.24,192.168.10.60,
80.58.231.110,216.58.112.55,
192.168.17.24,192.168.9.51,
192.168.17.24,192.168.10.60,
192.168.17.24,192.168.9.51,
192.168.17.24,192.168.10.60,
80.143.37.180,216.58.112.55,
80.143.37.180,216.58.112.55,
200.122.253.135,216.58.112.55,
82.13.92.15,216.58.112.55,
192.168.17.24,192.168.9.51,
192.168.17.24,192.168.10.60,
192.168.17.24,192.168.9.51,
192.168.17.24,192.168.10.60,
206.108.5.1,216.58.112.55,
201.254.187.87,216.58.112.55,
192.168.17.11,10.97.14.25,
189.12.221.96,216.58.112.55,
192.168.17.24,192.168.9.51,
192.168.17.24,192.168.10.60,
192.168.17.24,192.168.9.51,
192.168.17.24,192.168.10.60,
190.128.53.246,216.58.112.55,
201.233.50.149,216.58.112.55,
83.15.28.106,216.58.112.55,
192.168.17.24,192.168.9.51,
192.168.17.24,192.168.10.60,
192.168.17.24,192.168.9.51,
192.168.17.24,192.168.10.60,
85.102.90.29,216.58.112.55,
72.38.55.146,192.168.17.24,
170.224.180.54,216.58.112.55,
192.168.17.24,192.168.9.51,
192.168.17.24,192.168.10.60,
192.168.17.24,192.168.9.51,
192.168.17.24,192.168.10.60,
190.136.0.224,216.58.112.55,
24.235.159.168,192.168.17.24,
200.97.116.6,216.58.112.55,
192.168.17.24,192.168.9.51,
192.168.17.24,192.168.10.60,
192.168.17.24,192.168.9.51,
192.168.17.24,192.168.10.60,
